lokasi,kamar_tidur,kamar_mandi,luas_bangunan,luas_lahan,keamanan24jam,taman,balcony,AC,harga
cimanggis,3,1,80.0,108.0,no,yes,no,no,875000000
bojongsari,2,1,45.0,84.0,yes,yes,no,no,917500000
depok,2,1,50.0,60.0,no,no,no,no,320000000
sukmajaya,3,3,80.0,78.0,yes,yes,yes,yes,1050000000
sawangan,3,2,72.0,70.0,no,no,no,no,887200000
pancoran mas,3,2,98.0,70.0,yes,yes,yes,no,850000000
pancoran mas,3,2,150.0,84.0,no,no,no,no,670000000
sawangan,3,4,110.0,112.0,yes,yes,no,no,1771601000
sukmajaya,3,2,65.0,65.0,no,yes,yes,yes,810000000
cinere,3,2,72.0,60.0,yes,yes,yes,yes,790000000
pancoran mas,2,1,45.0,72.0,no,yes,no,yes,500000000
cilodong,2,1,45.0,72.0,yes,yes,no,no,600000000
cilodong,1,1,26.0,40.0,no,no,no,no,200000000
sawangan,2,1,39.0,42.0,yes,no,no,no,442250000
beji,3,3,110.0,72.0,yes,yes,no,yes,1493500000
cilodong,3,3,80.0,80.0,no,no,yes,yes,925000000
sawangan,3,2,60.0,70.0,no,no,no,no,845000000
cinere,2,1,38.0,68.0,yes,yes,no,yes,654000000
cilodong,3,3,80.0,78.0,yes,yes,yes,yes,920000000
bojongsari,2,1,40.0,75.0,no,yes,no,no,655000000
tapos,3,2,56.0,64.0,yes,yes,yes,no,676000000
beji,2,1,45.0,73.0,no,yes,no,no,592150000
beji,2,2,36.0,72.0,no,yes,no,yes,425000000
sawangan,2,1,40.0,90.0,yes,yes,no,no,610528500
bojongsari,2,1,45.0,84.0,yes,yes,yes,no,872500000
beji,3,3,140.0,100.0,no,yes,no,yes,1350000000
cilodong,3,2,85.0,70.0,no,yes,yes,yes,775000000
cimanggis,3,2,77.0,60.0,yes,yes,yes,no,835950000
tapos,2,1,105.0,60.0,no,no,no,no,899000000
cimanggis,3,2,60.0,46.0,no,no,no,no,725000000
sawangan,2,2,55.0,63.0,no,no,no,no,741000000
sawangan,2,1,50.0,65.0,yes,yes,no,yes,650000000
cipayung,2,1,36.0,62.0,yes,yes,no,yes,350000000
bojongsari,2,1,72.0,50.0,yes,yes,no,yes,650000000
cilodong,3,1,60.0,125.0,yes,no,no,no,1150000000
cimanggis,3,2,90.0,90.0,yes,yes,yes,yes,1526200000
sukmajaya,3,2,61.0,63.0,yes,yes,no,no,909000000
sawangan,3,2,72.0,121.0,yes,yes,yes,yes,1121000000
depok,2,2,42.0,40.0,no,no,no,no,595000000
cilodong,3,1,68.0,98.0,yes,yes,no,no,780000000
sawangan,2,1,40.0,54.0,yes,yes,yes,no,400000000
beji,3,1,103.0,133.0,yes,yes,yes,no,1680000000
depok,2,1,38.0,60.0,no,no,no,no,794117600
bojongsari,3,2,45.0,60.0,no,yes,no,yes,594000000
depok,2,2,65.0,90.0,no,no,no,no,1200000000
cilodong,3,2,140.0,72.0,yes,yes,yes,yes,1200000000
pancoran mas,3,2,100.0,72.0,no,yes,no,yes,1000000000
cimanggis,3,2,72.0,50.0,yes,yes,yes,no,500000000
cimanggis,2,1,31.0,52.0,yes,yes,no,yes,430000000
sukmajaya,2,2,51.0,72.0,no,yes,no,yes,857000000
cipayung,2,1,36.0,72.0,no,no,no,no,330000000
beji,3,2,70.0,45.0,yes,yes,yes,no,750000000
cinere,3,3,98.0,70.0,yes,yes,no,no,1493461000
beji,4,3,80.0,90.0,yes,yes,no,no,1050000000
depok,2,1,45.0,60.0,no,yes,no,no,465000000
pancoran mas,2,1,48.0,72.0,yes,yes,no,no,577000000
cilodong,2,2,40.0,47.0,no,no,yes,no,496000000
cilodong,2,1,58.0,84.0,no,no,no,no,489000000
cinere,3,2,94.0,60.0,yes,no,no,no,1250000000
bojongsari,3,3,87.0,79.0,yes,yes,yes,no,1327500000
beji,3,2,80.0,72.0,no,no,no,no,1600000000
sukmajaya,3,3,80.0,60.0,no,no,no,yes,850000000
tapos,2,1,60.0,105.0,yes,yes,no,no,899000000
cilodong,2,1,40.0,68.0,yes,yes,no,yes,550000000
cinere,2,1,40.0,63.0,no,yes,no,yes,484000000
pancoran mas,2,3,57.0,84.0,no,no,no,no,735000000
pancoran mas,2,2,60.0,79.0,no,no,no,no,695000000
sawangan,2,1,45.0,60.0,yes,yes,no,no,485000000
tapos,2,2,46.0,40.0,no,no,no,no,556000000
cinere,4,4,140.0,110.0,yes,yes,no,no,2640000000
beji,2,1,45.0,73.0,no,yes,no,yes,654500000
cilodong,4,2,62.0,60.0,yes,yes,no,no,750000000
cimanggis,3,2,100.0,120.0,yes,yes,yes,yes,1398000000
limo,3,2,60.0,50.0,no,yes,no,yes,590000000
cimanggis,2,1,40.0,70.0,yes,no,no,yes,550000000
depok,3,2,60.0,74.0,yes,yes,yes,yes,850000000
cilodong,3,3,70.0,81.0,no,yes,no,yes,980000000
limo,3,2,90.0,110.0,yes,yes,no,no,800000000
sukmajaya,3,3,80.0,87.0,yes,yes,yes,yes,1050000000
pancoran mas,2,2,60.0,90.0,yes,yes,no,yes,685000000
cilodong,2,2,60.0,90.0,no,no,no,no,685000000
beji,2,1,36.0,60.0,no,yes,no,no,360000000
beji,3,3,130.0,130.0,no,no,no,no,1300000000
cipayung,2,1,30.0,50.0,yes,yes,no,yes,200000000
tapos,2,1,69.0,61.0,yes,yes,yes,no,700000000
cilodong,2,2,40.0,45.0,no,no,no,no,474000000
pancoran mas,3,2,73.0,66.0,no,yes,no,yes,1000000000
sukmajaya,3,2,70.0,70.0,yes,no,no,yes,810000000
tapos,2,1,30.0,57.0,yes,yes,no,yes,498000000
sawangan,3,2,90.0,105.0,yes,yes,yes,no,1399000000
sukmajaya,2,1,45.0,67.0,no,no,no,no,745000000
depok,2,1,36.0,50.0,yes,yes,no,yes,185000000
beji,3,2,80.0,76.0,yes,yes,yes,yes,885000000
sawangan,3,2,65.0,70.0,yes,yes,yes,yes,718726912
cilodong,3,3,80.0,90.0,no,yes,yes,yes,915000000
depok,2,1,30.0,60.0,yes,yes,no,no,430000000
cilodong,3,3,85.0,75.0,yes,yes,yes,yes,900000000
sawangan,2,1,45.0,74.0,yes,yes,no,no,575000000
pancoran mas,3,2,70.0,72.0,yes,yes,no,yes,800000000
sawangan,3,2,60.0,85.0,yes,yes,no,yes,585000000
pancoran mas,3,2,90.0,72.0,yes,yes,yes,no,1380000000
sawangan,2,1,50.0,70.0,no,no,no,no,450000000
cilodong,2,1,40.0,47.0,no,no,no,no,400000000
cilodong,3,2,60.0,60.0,no,yes,yes,yes,750000000
cimanggis,3,2,95.0,113.0,no,no,no,no,950000000
cilodong,2,1,45.0,84.0,yes,no,no,yes,510000000
cimanggis,2,2,68.0,54.0,no,yes,yes,yes,750000000
sawangan,3,1,55.0,104.0,no,no,no,no,635000000
sukmajaya,2,1,38.0,90.0,no,no,no,no,920000000
cipayung,2,1,40.0,72.0,yes,yes,no,no,425600000
cilodong,2,1,40.0,66.0,yes,yes,no,no,530000000
depok,2,1,33.0,34.0,no,no,no,no,150000000
tapos,3,3,80.0,80.0,no,no,no,no,1163640000
pancoran mas,3,3,80.0,83.0,yes,yes,yes,yes,925000000
bojongsari,2,1,45.0,97.0,no,yes,no,no,888300000
cilodong,3,3,100.0,90.0,no,no,no,no,950000000
sukmajaya,3,3,75.0,109.0,yes,yes,yes,yes,1125000000
tapos,2,1,45.0,73.0,yes,yes,yes,no,570000000
sukmajaya,2,1,72.0,50.0,no,no,no,no,350000000
sukmajaya,2,2,45.0,60.0,yes,yes,yes,yes,477000000
cimanggis,3,2,103.0,55.0,yes,yes,yes,yes,1400000000
cimanggis,3,2,121.0,130.0,yes,yes,yes,no,2040000000
cinere,3,2,150.0,120.0,yes,yes,no,no,2400000000
cilodong,3,3,100.0,95.0,no,yes,no,yes,980000000
cilodong,2,1,45.0,126.0,no,no,no,no,890000000
sukmajaya,3,3,80.0,78.0,yes,no,no,no,1050000000
bojongsari,2,1,60.0,69.0,no,no,no,no,590000000
sukmajaya,3,2,61.0,63.0,no,no,no,no,774000000
tapos,3,2,84.0,84.0,yes,yes,yes,yes,979987000
sawangan,3,2,70.0,60.0,no,no,no,no,750000000
sawangan,2,1,45.0,84.0,no,yes,no,yes,576000000
sukmajaya,3,2,70.0,79.0,yes,yes,yes,yes,930000000
sukmajaya,2,1,45.0,112.0,no,yes,no,yes,780000000
pancoran mas,2,1,50.0,69.0,yes,yes,no,no,660000000
beji,3,3,110.0,91.0,no,no,no,no,1450000000
sawangan,2,1,36.0,50.0,yes,yes,no,yes,200000000
cimanggis,2,1,40.0,63.0,no,yes,no,no,486000000
cipayung,2,1,50.0,100.0,yes,yes,no,no,400000000
sukmajaya,4,4,140.0,114.0,no,no,no,no,1665000000
cimanggis,2,2,54.0,60.0,no,no,no,no,800000000
bojongsari,2,1,90.0,108.0,yes,yes,no,no,859000000
bojongsari,3,3,97.0,112.0,yes,yes,no,no,1664000000
pancoran mas,3,2,75.0,95.0,no,yes,no,yes,785000000
cilodong,2,2,40.0,47.0,no,no,no,no,497000000
cimanggis,3,2,60.0,52.0,no,no,no,no,595000000
sukmajaya,3,3,100.0,89.0,yes,yes,yes,yes,1100000000
cilodong,3,3,120.0,86.0,yes,yes,yes,yes,1050000000
cilodong,2,2,40.0,40.0,yes,no,no,no,300000000
sawangan,2,1,90.0,50.0,no,no,no,no,949000000
sukmajaya,3,3,150.0,106.0,yes,yes,yes,no,1800000000
cilodong,3,3,80.0,75.0,yes,yes,yes,yes,915000000
sawangan,2,1,45.0,60.0,no,no,no,no,500000000
cimanggis,3,2,56.0,63.0,no,yes,no,no,600000000
cipayung,2,1,36.0,60.0,yes,yes,no,yes,385000000
depok,3,3,80.0,83.0,no,yes,no,no,925000000
cilodong,3,2,46.0,61.0,yes,yes,yes,no,756000000
cimanggis,3,2,88.0,48.0,no,no,yes,no,870000000
cimanggis,2,1,45.0,65.0,no,no,no,no,575000000
sukmajaya,3,3,70.0,87.0,yes,yes,yes,yes,997000000
limo,3,3,105.0,85.0,no,yes,no,no,1250000000
cimanggis,3,2,93.0,72.0,no,no,no,yes,1290000000
sawangan,2,1,36.0,55.0,yes,yes,yes,yes,290000000
limo,1,2,40.0,70.0,yes,yes,no,no,549000000
cilodong,2,1,35.0,40.0,no,no,no,no,180000000
sawangan,3,2,62.0,72.0,no,no,no,no,800000000
sukmajaya,3,2,70.0,104.0,yes,yes,no,yes,800000000
pancoran mas,2,1,50.0,71.0,no,yes,no,yes,625000000
bojongsari,2,2,51.0,72.0,yes,yes,yes,no,887000000
sukmajaya,3,3,80.0,71.0,yes,yes,yes,yes,915000000
cimanggis,3,2,65.0,90.0,yes,yes,no,yes,900000000
bojongsari,3,3,87.0,89.0,yes,yes,yes,no,1386000000
cipayung,2,1,40.0,84.0,no,no,no,no,630000000
cilodong,3,2,65.0,119.0,no,yes,yes,yes,800000000
limo,3,2,105.0,95.0,yes,yes,yes,yes,1500000000
sukmajaya,3,2,61.0,71.0,no,yes,no,no,890000000
cilodong,2,1,40.0,56.0,no,no,no,no,532000000
sawangan,2,1,36.0,69.0,yes,yes,no,no,400000000
sukmajaya,3,2,66.0,70.0,yes,yes,yes,no,921000000
bojongsari,2,1,40.0,70.0,no,no,no,no,465000000
sukmajaya,2,2,42.0,23.0,no,no,no,no,255000000
sawangan,2,1,39.0,63.0,no,no,no,no,435000000
sawangan,3,2,70.0,67.0,no,no,no,no,786000000
cimanggis,3,2,77.0,60.0,yes,yes,no,no,840000000
sawangan,2,1,50.0,70.0,no,yes,no,no,450000000
cimanggis,3,2,54.0,70.0,yes,no,no,no,769000000
cinere,3,2,100.0,95.0,no,yes,yes,yes,950000000
cilodong,2,1,48.0,72.0,yes,no,no,no,599000000
pancoran mas,3,2,61.0,87.0,yes,yes,yes,no,1256400000
beji,3,3,130.0,98.0,no,yes,yes,yes,1300000000
pancoran mas,2,1,36.0,72.0,yes,yes,no,no,819000000
bojongsari,3,3,79.0,120.0,yes,yes,yes,no,1500000000
cimanggis,3,2,66.0,86.0,no,no,no,no,951000000
cinere,4,4,130.0,100.0,yes,yes,yes,yes,1700000000
beji,2,1,45.0,73.0,yes,yes,no,yes,654500000
cimanggis,3,1,100.0,120.0,no,no,no,no,850000000
bojongsari,3,2,73.0,72.0,yes,yes,yes,no,1170000000
sukmajaya,2,1,60.0,78.0,no,no,no,no,690000000
cilodong,3,1,75.0,96.0,no,no,no,no,717000000
bojongsari,2,1,36.0,60.0,no,no,no,no,225000000
sawangan,3,2,60.0,66.0,no,no,no,no,947000000
cilodong,2,1,40.0,84.0,no,yes,no,yes,489000000
beji,3,3,105.0,62.0,yes,yes,yes,no,950000000
bojongsari,2,1,40.0,66.0,no,no,no,no,545000000
sawangan,2,1,54.0,84.0,yes,no,no,no,550000000
pancoran mas,2,1,45.0,80.0,yes,yes,no,no,660000000
beji,3,2,90.0,80.0,yes,yes,yes,yes,875000000
sawangan,2,1,42.0,72.0,yes,yes,no,no,780000000
sawangan,2,1,40.0,60.0,yes,yes,no,no,275000000
cilodong,3,2,54.0,61.0,yes,yes,yes,yes,685000000
pancoran mas,3,2,45.0,40.0,no,yes,no,no,499000000
sukmajaya,3,3,75.0,80.0,yes,no,yes,yes,950000000
cilodong,2,1,42.0,78.0,yes,yes,no,yes,550000000
cilodong,2,1,40.0,50.0,no,no,no,no,459500000
sawangan,2,1,40.0,72.0,yes,yes,no,yes,480000000
cilodong,3,2,94.0,118.0,no,no,no,no,1450000000
bojongsari,3,3,87.0,97.0,yes,yes,yes,no,1446000000
cimanggis,2,1,45.0,90.0,yes,yes,yes,yes,830451000
bojongsari,2,1,45.0,60.0,no,yes,no,no,594000000
cimanggis,3,2,60.0,72.0,yes,no,no,no,743830000
cimanggis,2,2,80.0,70.0,no,no,no,no,760000000
sukmajaya,2,2,95.0,84.0,yes,yes,yes,yes,780000000
depok,3,2,60.0,68.0,no,yes,yes,yes,697000000
bojongsari,3,3,70.0,86.0,no,yes,yes,yes,940000000
depok,2,1,70.0,128.0,no,no,no,no,650000000
bojongsari,4,4,97.0,112.0,yes,yes,yes,no,1664000000
cilodong,2,1,41.0,69.0,yes,yes,no,yes,494000000
sukmajaya,4,1,95.0,91.0,no,no,no,no,575000000
beji,3,2,47.0,51.0,yes,yes,yes,no,795500000
tapos,3,2,75.0,61.0,no,no,no,no,950000000
sukmajaya,3,2,64.0,102.0,no,yes,no,no,845000000
sawangan,2,2,48.0,107.0,yes,yes,no,yes,725000000
cilodong,2,2,40.0,40.0,no,no,no,no,360000000
cilodong,2,1,45.0,61.0,no,no,no,no,580000000
cimanggis,3,2,80.0,86.0,no,no,no,no,1284000000
sawangan,2,1,38.0,68.0,yes,yes,yes,yes,599000000
sawangan,2,1,38.0,68.0,yes,yes,no,no,598000000
cimanggis,2,1,40.0,62.0,yes,yes,no,yes,500000000
cinere,3,3,78.0,101.0,yes,yes,yes,yes,900000000
sawangan,3,2,44.0,57.0,yes,yes,no,yes,436000000
cilodong,2,2,40.0,68.0,yes,yes,yes,no,588806000
cilodong,2,1,42.0,62.0,no,no,no,no,600000000
sawangan,2,1,32.0,60.0,yes,yes,no,yes,348000000
cilodong,2,1,40.0,94.0,no,no,no,yes,670000000
cilodong,4,1,58.0,98.0,no,no,no,no,780000000
sukmajaya,3,3,70.0,80.0,yes,yes,yes,yes,997000000
cilodong,3,2,70.0,120.0,no,no,no,no,1000000000
sawangan,2,1,45.0,66.0,no,yes,no,yes,484000000
cimanggis,3,2,72.0,72.0,yes,yes,yes,no,770000000
beji,2,2,69.0,99.0,yes,no,no,no,900000000
limo,4,3,110.0,100.0,no,no,no,no,1300000000
depok,3,3,100.0,89.0,yes,yes,yes,yes,1100000000
bojongsari,2,1,45.0,78.0,no,yes,no,no,800000000
cimanggis,3,2,93.0,72.0,yes,no,no,no,1290000000
cipayung,2,1,36.0,72.0,yes,yes,no,yes,500000000
sawangan,2,1,42.0,60.0,yes,yes,yes,yes,445000000
pancoran mas,3,2,75.0,72.0,no,yes,no,no,995000000
sukmajaya,3,3,100.0,95.0,yes,yes,yes,yes,950000000
cilodong,2,2,60.0,82.0,yes,yes,no,yes,682000000
cilodong,2,1,40.0,72.0,no,no,no,no,450000000
pancoran mas,3,2,82.0,129.0,no,yes,no,yes,680000000
sawangan,3,3,115.0,120.0,no,yes,no,yes,1335000000
tapos,3,2,30.0,60.0,no,no,no,no,575400000
beji,3,3,130.0,97.0,no,yes,no,yes,1495000000
cimanggis,3,2,82.0,60.0,no,yes,yes,yes,850000000
cimanggis,3,2,54.0,58.0,yes,yes,yes,no,741000000
cimanggis,2,1,48.0,78.0,yes,yes,no,yes,500000000
cimanggis,2,1,36.0,62.0,yes,yes,no,no,425000000
cilodong,2,1,40.0,61.0,no,yes,no,no,610000000
pancoran mas,3,2,72.0,65.0,yes,yes,yes,yes,825000000
sawangan,2,1,42.0,72.0,yes,yes,yes,yes,451000000
sukmajaya,3,3,80.0,64.0,no,no,no,no,850000000
sawangan,2,1,46.0,84.0,yes,yes,no,no,550000000
cipayung,2,1,52.0,62.0,no,no,no,no,250000000
cimanggis,3,2,61.0,78.0,no,no,yes,no,958000000
pancoran mas,3,4,105.0,72.0,no,no,no,no,1150000000
sukmajaya,3,3,80.0,60.0,yes,yes,yes,yes,850000000
sawangan,2,1,45.0,82.0,no,no,no,no,725000000
bojongsari,2,1,42.0,72.0,yes,yes,no,no,780000000
cilodong,2,1,50.0,98.0,yes,yes,no,no,929000000
bojongsari,3,3,91.0,124.0,yes,yes,no,no,1816000000
cilodong,2,1,45.0,84.0,no,no,no,no,800000000
bojongsari,3,1,62.0,120.0,yes,yes,no,no,725000000
depok,3,3,140.0,112.0,no,no,no,no,1600000000
tapos,2,2,46.0,60.0,yes,yes,yes,no,667000000
cimanggis,3,2,64.0,55.0,yes,yes,no,yes,680000000
pancoran mas,4,3,114.0,86.0,no,no,no,no,1400000000
cipayung,2,1,45.0,70.0,no,yes,no,no,355000000
bojongsari,3,2,100.0,89.0,no,no,no,no,1200000000
beji,4,2,90.0,107.0,no,no,no,no,750000000
sawangan,3,2,63.0,75.0,yes,yes,yes,yes,714500000
sawangan,3,2,98.0,83.0,no,yes,yes,no,790000000
tapos,2,1,40.0,60.0,yes,yes,no,yes,499999999
sukmajaya,2,2,45.0,30.0,yes,yes,no,no,698000000
bojongsari,2,1,48.0,69.0,no,no,no,no,543000000
pancoran mas,3,3,70.0,96.0,no,yes,no,yes,1050000000
beji,3,2,70.0,50.0,no,no,no,no,900000000
beji,3,3,130.0,77.0,no,yes,no,no,1525000000
pancoran mas,3,2,60.0,50.0,no,yes,no,yes,590000000
cilodong,2,2,40.0,66.0,yes,yes,no,no,608000000
cilodong,2,1,36.0,50.0,yes,yes,no,no,500000000
sawangan,3,2,56.0,68.0,yes,yes,yes,yes,804400600
cipayung,2,1,48.0,83.0,yes,yes,yes,yes,774000000
pancoran mas,3,2,100.0,70.0,no,no,no,no,1150000000
sawangan,2,1,27.0,40.0,no,no,no,no,200000000
bojongsari,2,1,38.0,60.0,yes,yes,yes,no,718000000
cilodong,2,2,60.0,86.0,yes,yes,no,yes,650000000
cimanggis,3,2,68.0,65.0,yes,yes,yes,yes,799000000
depok,2,1,45.0,75.0,no,no,no,no,250000000
bojongsari,3,1,52.0,60.0,no,no,no,no,629000000
pancoran mas,3,2,70.0,60.0,no,no,no,no,780000000
cinere,3,2,75.0,96.0,no,no,no,no,999000000
cilodong,3,3,120.0,90.0,yes,no,yes,yes,1100000000
bojongsari,4,4,97.0,107.0,yes,yes,yes,yes,1574000000
pancoran mas,2,2,40.0,50.0,no,no,no,no,503000000
sukmajaya,2,1,50.0,90.0,no,no,no,no,1100000000
pancoran mas,2,1,38.0,70.0,no,no,no,no,513500000
cimanggis,2,3,78.0,98.0,yes,yes,no,yes,1170000000
cilodong,3,2,90.0,119.0,yes,yes,no,no,870000000
cilodong,2,1,45.0,90.0,yes,yes,yes,yes,670000000
cilodong,2,1,50.0,72.0,yes,yes,no,no,600000000
pancoran mas,2,1,50.0,70.0,no,yes,no,yes,725000000
sukmajaya,4,3,145.0,115.0,yes,no,no,no,1560000000
cilodong,3,2,46.0,60.0,yes,yes,no,no,584000000
depok,3,3,70.0,70.0,no,no,no,no,1250000000
depok,2,1,36.0,60.0,no,no,no,no,215000000
cimanggis,3,2,72.0,50.0,no,yes,no,yes,600000000
cilodong,3,2,80.0,80.0,no,no,no,no,950000000
bojongsari,2,1,39.0,72.0,yes,yes,no,no,440000000
cimanggis,3,2,70.0,78.0,no,no,no,no,1099000000
cilodong,2,2,50.0,74.0,yes,yes,no,yes,680000000
cinere,2,1,45.0,125.0,yes,no,no,no,795000000
cilodong,2,1,38.0,78.0,yes,yes,no,no,690000000
beji,2,2,42.0,44.0,no,no,no,no,773382434
cilodong,3,2,46.0,40.0,yes,yes,yes,no,501000000
beji,3,2,60.0,60.0,no,no,yes,yes,750000000
sawangan,2,1,42.0,52.0,yes,yes,no,yes,387000000
beji,3,3,130.0,98.0,no,yes,yes,no,1300000000
depok,4,3,120.0,90.0,no,no,no,no,1250000000
cilodong,3,2,90.0,90.0,yes,yes,yes,yes,875000000
sawangan,2,1,38.0,60.0,yes,yes,no,no,350000000
sawangan,2,1,30.0,60.0,no,no,no,no,275000000
cilodong,2,2,46.0,60.0,yes,yes,yes,no,584000000
cinere,3,2,56.0,66.0,no,yes,no,yes,725000000
pancoran mas,3,2,56.0,78.0,no,yes,no,yes,640000000
tapos,2,2,46.0,60.0,yes,yes,no,no,677000000
cipayung,2,1,48.0,64.0,no,no,no,no,414000000
cipayung,2,2,45.0,47.0,no,no,no,no,215000000
pancoran mas,3,3,145.0,115.0,yes,yes,yes,no,1560000000
pancoran mas,2,1,40.0,66.0,yes,yes,no,no,515000000
bojongsari,3,3,97.0,101.0,yes,yes,yes,no,1624000000
depok,2,1,45.0,84.0,no,yes,no,no,853000000
cinere,3,2,90.0,96.0,yes,yes,yes,yes,1100000000
bojongsari,2,2,40.0,53.0,yes,yes,yes,no,569320000
cimanggis,3,1,96.0,47.0,no,no,no,no,600000000
pancoran mas,3,2,60.0,60.0,no,yes,no,no,742350000
sawangan,3,2,60.0,75.0,no,no,no,no,754245776
sawangan,2,1,36.0,60.0,no,no,no,no,365000000
bojongsari,3,3,97.0,107.0,yes,yes,yes,no,1624000000
beji,2,2,70.0,100.0,no,no,no,no,900000000
cinere,4,3,110.0,93.0,yes,no,no,no,1300000000
beji,3,3,120.0,66.0,no,no,no,yes,1380000000
cipayung,2,1,45.0,73.0,no,yes,no,no,592150000
sawangan,2,1,42.0,52.0,no,yes,no,yes,387000000
depok,3,3,100.0,98.0,no,no,no,no,1080000000
tapos,3,2,70.0,68.0,no,no,no,no,1176500000
cipayung,2,1,50.0,69.0,yes,yes,no,no,660000000
beji,2,2,55.0,45.0,yes,yes,no,no,750000000
cipayung,2,1,48.0,78.0,no,yes,no,no,535000000
bojongsari,2,1,36.0,65.0,no,no,no,no,582000000
beji,4,4,130.0,98.0,yes,yes,yes,no,1495000000
pancoran mas,3,3,81.0,58.0,yes,no,no,no,949940000
cilodong,2,1,45.0,125.0,no,no,no,no,625000000
sukmajaya,3,2,55.0,60.0,no,no,no,no,789750000
cilodong,3,3,80.0,80.0,yes,yes,yes,no,925000000
beji,3,2,85.0,133.0,yes,no,no,no,1560000000
cimanggis,3,2,76.0,80.0,yes,yes,yes,yes,890000000
cilodong,3,3,80.0,92.0,no,yes,no,yes,985000000
pancoran mas,3,2,84.0,68.0,no,yes,yes,yes,825000000
cinere,2,1,90.0,100.0,no,no,no,yes,1500000000
cilodong,2,2,60.0,90.0,yes,yes,no,yes,681000000
cilodong,2,1,45.0,80.0,no,no,no,no,690000000
pancoran mas,3,2,60.0,66.0,yes,yes,no,no,896000000
cimanggis,3,2,68.0,78.0,no,no,no,no,799000000
beji,3,2,80.0,60.0,no,no,no,no,1050500000
depok,3,2,100.0,50.0,no,no,no,no,625000000
bojongsari,3,3,136.0,112.0,yes,yes,yes,no,1900000000
cimanggis,2,1,47.0,77.0,no,yes,no,no,699000000
sawangan,3,3,100.0,65.0,yes,yes,yes,no,945000000
pancoran mas,2,1,45.0,70.0,no,yes,no,no,495000000
sukmajaya,2,1,48.0,84.0,yes,yes,no,no,781000000
sukmajaya,2,1,40.0,90.0,no,yes,no,yes,670000000
limo,2,1,45.0,73.0,yes,yes,no,no,654500000
bojongsari,3,2,70.0,94.0,no,no,no,no,769000000
tapos,3,2,60.0,50.0,yes,yes,yes,no,800000000
beji,3,2,56.0,82.0,yes,yes,yes,yes,823000000
cilodong,3,3,80.0,72.0,no,no,no,no,875000000
depok,3,3,75.0,76.0,yes,yes,yes,yes,930000000
tapos,3,2,60.0,56.0,yes,no,yes,no,790000000
sukmajaya,3,2,121.0,60.0,no,no,no,no,775000000
depok,2,1,48.0,60.0,no,no,no,no,520000000
sawangan,3,2,60.0,60.0,no,no,no,no,755000000
cimanggis,3,2,51.0,72.0,yes,yes,yes,no,907250000
cilodong,2,1,38.0,60.0,no,no,no,no,650000000
cilodong,2,1,36.0,90.0,no,no,no,no,810000000
cipayung,2,1,35.0,50.0,no,no,no,no,230000000
pancoran mas,3,3,140.0,113.0,yes,yes,yes,no,1660000000
cilodong,3,3,80.0,72.0,yes,yes,yes,yes,898000000
tapos,3,2,74.0,62.0,no,no,no,yes,890000000
pancoran mas,2,1,45.0,63.0,yes,no,no,no,570000000
cinere,4,3,155.0,84.0,yes,yes,yes,no,1720000000
depok,2,2,90.0,60.0,yes,yes,no,no,999000000
beji,3,2,100.0,95.0,no,no,no,no,1112000000
pancoran mas,3,2,80.0,102.0,no,no,no,yes,420000000
cinere,3,2,56.0,68.0,yes,yes,yes,yes,779000000
cilodong,2,2,60.0,82.0,yes,yes,no,no,685000000
pancoran mas,2,1,45.0,60.0,no,yes,no,yes,525000000
bojongsari,2,1,42.0,74.0,no,no,no,no,655000000
limo,2,1,45.0,73.0,no,yes,no,no,592150000
sawangan,3,2,44.0,50.0,no,yes,no,no,533000000
limo,3,3,100.0,107.0,no,yes,no,yes,1600000000
cilodong,2,2,60.0,70.0,no,yes,no,no,735000000
sawangan,2,1,45.0,83.0,no,no,no,no,510000000
cimanggis,2,2,54.0,72.0,no,no,no,no,853000000
beji,3,3,65.0,96.0,no,yes,no,yes,1050000000
sawangan,3,2,70.0,50.0,yes,yes,no,no,695000000
beji,2,1,36.0,60.0,no,no,no,yes,247000000
cimanggis,2,1,48.0,84.0,no,no,no,no,850000000
pancoran mas,4,3,98.0,96.0,yes,yes,no,no,1399000000
sawangan,3,2,44.0,60.0,no,no,no,yes,494000000
cimanggis,3,2,69.0,60.0,yes,yes,yes,no,791000000
tapos,2,2,135.0,90.0,yes,yes,yes,no,1100000000
cilodong,3,2,66.0,68.0,no,no,no,no,827000000
cimanggis,2,2,65.0,56.0,no,no,no,no,800000000
sukmajaya,2,2,51.0,71.0,yes,yes,yes,yes,886000000
tapos,2,2,42.0,40.0,yes,yes,no,no,400000000
beji,4,4,120.0,98.0,no,yes,no,no,1495000000
pancoran mas,2,2,58.0,50.0,no,yes,no,no,1200000000
cinere,4,3,78.0,77.0,yes,yes,yes,no,929000000
limo,3,3,155.0,84.0,yes,yes,yes,yes,1722000000
cilodong,2,1,38.0,60.0,yes,yes,no,no,650000000
sukmajaya,3,2,61.0,79.0,yes,yes,yes,no,886000000
cilodong,3,3,80.0,78.0,no,no,no,yes,1050000000
sukmajaya,4,2,65.0,60.0,yes,yes,yes,no,842250000
pancoran mas,4,3,110.0,82.0,yes,yes,no,yes,950000000
sukmajaya,2,1,100.0,95.0,no,no,no,no,1100000000
cimanggis,2,1,50.0,72.0,yes,yes,no,no,520000000
beji,3,2,73.0,65.0,yes,yes,yes,yes,950000000
cilodong,2,1,45.0,84.0,no,yes,no,no,803000000
bojongsari,2,1,40.0,84.0,yes,yes,no,yes,659000000
cilodong,2,2,80.0,82.0,no,no,no,no,735000000
cimanggis,3,2,86.0,65.0,yes,no,yes,yes,1050000000
limo,3,3,155.0,84.0,yes,yes,yes,no,1700000000
limo,4,4,150.0,85.0,no,yes,yes,no,1700000000
sawangan,2,1,90.0,108.0,yes,yes,no,no,859000000
pancoran mas,3,2,65.0,90.0,no,yes,no,yes,800000000
pancoran mas,2,1,45.0,57.0,yes,yes,no,no,350000000
cilodong,3,2,60.0,88.0,no,no,no,no,743100000
sawangan,1,1,63.0,126.0,no,no,no,no,1295000000
cinere,2,3,150.0,113.0,no,no,no,no,2600000000
beji,3,3,150.0,92.0,no,no,no,no,1350000000
sawangan,3,2,55.0,60.0,no,no,no,no,645000000
sawangan,2,1,36.0,81.0,yes,yes,no,no,465000000
sukmajaya,2,1,100.0,96.0,no,no,no,no,1100000000
cipayung,2,1,36.0,42.0,yes,no,no,no,150000000
beji,2,1,50.0,63.0,no,no,no,no,599000000
cilodong,3,3,80.0,78.0,no,no,no,no,970000000
bojongsari,2,1,50.0,70.0,yes,yes,yes,yes,675000000
sawangan,3,2,60.0,69.0,no,no,no,no,797000000
pancoran mas,3,2,75.0,70.0,no,yes,no,yes,1000000000
cilodong,2,1,75.0,122.0,no,no,no,no,420000000
depok,3,2,70.0,70.0,no,no,no,no,850000000
sukmajaya,2,2,50.0,92.0,yes,yes,no,yes,735000000
tapos,3,3,80.0,83.0,yes,yes,yes,yes,925000000
sawangan,2,1,40.0,60.0,yes,no,yes,yes,365000000
sawangan,2,1,45.0,60.0,yes,yes,no,yes,400000000
cilodong,3,2,90.0,80.0,yes,yes,no,yes,875000000
tapos,3,3,65.0,120.0,no,no,no,no,900000000
cilodong,3,3,75.0,75.0,yes,yes,yes,yes,890000000
bojongsari,2,2,40.0,60.0,yes,yes,no,no,635000000
cimanggis,3,3,100.0,77.0,no,no,no,no,899000000
beji,3,3,74.0,82.0,no,yes,no,yes,1595000000
cimanggis,3,2,72.0,70.0,yes,yes,no,no,770000000
cilodong,2,2,60.0,72.0,yes,yes,no,yes,735000000
cilodong,3,2,70.0,97.0,yes,yes,yes,no,915000000
cipayung,2,1,50.0,82.0,yes,yes,no,no,660000000
cinere,4,4,130.0,90.0,yes,yes,yes,no,1300000000
pancoran mas,2,1,45.0,66.0,no,yes,no,no,551550000
cilodong,3,2,54.0,70.0,no,no,no,no,658000000
cilodong,2,2,45.0,84.0,yes,yes,no,yes,710000000
beji,2,1,36.0,60.0,no,no,no,no,355000000
beji,3,3,70.0,114.0,no,yes,yes,yes,980000000
cilodong,2,1,60.0,75.0,no,no,no,no,695000000
cimanggis,3,2,75.0,56.0,yes,yes,no,yes,976000000
bojongsari,3,2,73.0,66.0,yes,yes,yes,no,1122000000
cilodong,3,2,120.0,72.0,yes,yes,yes,yes,990000000
sawangan,3,2,70.0,60.0,yes,yes,yes,yes,695000000
cilodong,2,1,45.0,68.0,yes,yes,no,yes,550000000
beji,3,2,65.0,100.0,yes,no,no,no,875000000
pancoran mas,3,3,52.0,85.0,no,yes,no,yes,885000000
cilodong,3,2,100.0,98.0,yes,yes,yes,no,1200000000
cilodong,3,3,70.0,78.0,no,no,no,no,980000000
cilodong,2,1,55.0,80.0,no,no,no,no,600000000
sawangan,2,1,36.0,81.0,no,yes,no,yes,460000000
cinere,2,2,98.0,87.0,yes,yes,no,no,1320000000
bojongsari,2,2,50.0,55.0,yes,yes,yes,no,750000000
tapos,3,2,140.0,120.0,yes,yes,no,no,1020000000
sawangan,2,1,38.0,60.0,no,yes,no,no,285000000
pancoran mas,3,2,124.0,131.0,yes,yes,no,no,1200000000
limo,3,2,66.0,78.0,no,yes,no,yes,600000000
beji,3,3,100.0,72.0,no,no,no,no,1350000000
bojongsari,2,1,38.0,78.0,no,no,no,no,560000000
sawangan,2,1,45.0,64.0,yes,yes,no,no,480000000
sawangan,3,2,44.0,55.0,yes,no,no,yes,476500000
bojongsari,3,3,105.0,96.0,no,no,no,no,1900000000
cipayung,2,1,40.0,64.0,yes,yes,no,yes,466329438
cimanggis,4,3,101.0,91.0,yes,yes,yes,yes,1100000000
sawangan,2,1,45.0,87.0,yes,no,no,no,620000000
depok,3,1,70.0,90.0,no,no,no,no,1280000000
sawangan,2,1,40.0,68.0,no,no,no,no,432000000
sukmajaya,2,1,36.0,72.0,yes,yes,no,no,560000000
sukmajaya,3,2,75.0,105.0,yes,yes,no,yes,2100000000
cimanggis,3,2,63.0,52.0,no,no,no,no,740000000
pancoran mas,3,1,103.0,133.0,yes,yes,yes,no,1680000000
cimanggis,2,1,60.0,60.0,yes,yes,no,no,499000000
sukmajaya,2,2,50.0,40.0,yes,yes,no,no,570000000
cilodong,2,2,4.0,43.0,no,no,yes,no,465100000
cilodong,3,2,60.0,72.0,yes,yes,yes,no,670000000
cinere,2,1,36.0,60.0,no,yes,no,yes,245600000
tapos,2,1,30.0,61.0,no,yes,no,no,356500000
cimanggis,3,2,65.0,72.0,yes,yes,no,no,550000000
cilodong,3,3,80.0,80.0,yes,yes,no,yes,950000000
sawangan,3,2,44.0,57.0,no,no,no,no,487500000
bojongsari,3,3,73.0,113.0,yes,yes,yes,no,1425000000
sawangan,3,2,70.0,58.0,yes,no,no,no,599000000
cimanggis,2,1,36.0,72.0,no,no,no,no,689554000
cilodong,2,1,38.0,79.0,yes,yes,no,no,460000000
cilodong,2,1,28.0,47.0,no,no,no,no,385000000
sawangan,2,1,84.0,36.0,no,yes,no,no,519000000
bojongsari,2,1,36.0,89.0,no,no,no,no,650000000
depok,2,1,36.0,50.0,no,no,no,no,260000000
cimanggis,3,2,70.0,67.0,no,no,no,no,1125490200
sawangan,3,2,66.0,77.0,no,yes,no,yes,800000000
cilodong,2,1,65.0,90.0,yes,yes,no,yes,725000000
sawangan,2,1,36.0,72.0,yes,yes,no,yes,350000000
sawangan,2,1,45.0,72.0,yes,yes,no,no,600000000
cilodong,3,2,54.0,60.0,yes,yes,yes,no,637450000
sawangan,3,3,50.0,70.0,yes,no,no,no,786500000
sawangan,2,1,39.0,74.0,no,no,no,no,469000000
pancoran mas,4,4,100.0,70.0,no,yes,no,no,1540000000
sawangan,2,1,50.0,84.0,no,no,no,no,895000000
cimanggis,3,2,110.0,96.0,yes,yes,yes,yes,1365000000
depok,3,2,90.0,84.0,no,yes,no,no,990000000
cimanggis,2,1,40.0,76.0,yes,yes,no,no,460000000
cinere,4,4,120.0,77.0,no,yes,yes,no,1525000000
bojongsari,2,2,45.0,44.0,yes,yes,yes,no,711000000
tapos,2,1,38.0,70.0,yes,yes,no,yes,399999999
pancoran mas,3,2,70.0,90.0,yes,no,no,no,780000000
depok,2,1,48.0,78.0,yes,yes,no,yes,700000000
sukmajaya,3,2,66.0,66.0,yes,yes,no,yes,887000000
cilodong,2,1,45.0,94.0,no,yes,no,yes,670000000
tapos,2,1,36.0,84.0,yes,yes,no,yes,525000000
depok,3,2,79.0,113.0,yes,yes,yes,no,1700000000
cinere,4,5,130.0,100.0,no,no,no,no,1850000000
depok,2,1,33.0,43.0,no,no,no,no,200000000
cilodong,3,2,55.0,80.0,yes,yes,yes,yes,800000000
sukmajaya,3,3,70.0,80.0,no,yes,yes,yes,997000000
sukmajaya,3,3,85.0,75.0,yes,yes,yes,yes,900000000
cilodong,3,3,80.0,81.0,yes,yes,yes,yes,925000000
cimanggis,3,2,110.0,96.0,yes,yes,yes,no,1365000000
cimanggis,3,2,75.0,83.0,no,no,no,no,910000000
beji,3,2,70.0,60.0,yes,no,yes,no,865000000
pancoran mas,3,2,85.0,133.0,yes,no,no,no,1560000000
cilodong,2,1,60.0,76.0,no,no,no,no,430000000
cinere,3,2,105.0,95.0,yes,yes,no,no,1500000000
cimanggis,3,2,95.0,74.0,yes,no,no,no,1375000000
limo,3,3,140.0,72.0,yes,yes,yes,no,1320000000
bojongsari,3,2,100.0,100.0,no,no,no,no,1250000000
pancoran mas,2,1,45.0,68.0,no,yes,no,yes,690000000
pancoran mas,3,3,90.0,100.0,no,no,no,no,1200000000
depok,2,1,65.0,60.0,no,no,no,no,400000000
depok,3,2,70.0,73.0,no,yes,yes,no,895000000
sawangan,2,1,40.0,60.0,yes,no,no,no,490000000
beji,3,2,100.0,89.0,no,yes,yes,yes,1100000000
pancoran mas,2,1,40.0,70.0,yes,yes,no,yes,265000000
pancoran mas,3,3,120.0,88.0,yes,yes,yes,yes,940000000
cipayung,2,1,32.0,60.0,yes,no,no,no,330000000
bojongsari,2,1,33.0,66.0,yes,no,no,yes,415000000
cimanggis,2,2,82.0,51.0,no,no,yes,yes,900000000
sukmajaya,3,2,85.0,70.0,no,no,yes,yes,775000000
sukmajaya,3,2,66.0,66.0,no,yes,no,no,850000000
sukmajaya,2,2,65.0,84.0,no,no,no,no,660000000
cilodong,3,1,48.0,60.0,no,no,no,no,520000000
bojongsari,3,1,81.0,81.0,yes,no,no,no,900000000
tapos,2,2,87.0,90.0,no,no,no,no,1100000000
limo,3,2,63.0,75.0,no,no,no,no,600000000
cilodong,2,1,36.0,61.0,no,yes,yes,yes,610000000
cilodong,3,2,60.0,50.0,yes,yes,no,no,699000000
sawangan,2,1,40.0,70.0,yes,no,no,no,280000000
sawangan,2,2,40.0,52.0,no,no,no,no,416000000
sawangan,2,1,36.0,67.0,no,no,no,no,220000000
cipayung,2,1,35.0,40.0,no,no,no,no,150000000
pancoran mas,2,1,40.0,60.0,no,yes,no,no,350000000
sawangan,3,2,115.0,66.0,yes,yes,yes,yes,1200000000
pancoran mas,4,2,94.0,72.0,no,yes,no,no,1700000000
beji,3,2,75.0,74.0,no,no,no,no,995000000
cimanggis,2,2,51.0,72.0,yes,yes,yes,no,867250000
tapos,2,1,40.0,68.0,yes,yes,no,yes,660000000
sawangan,2,1,40.0,72.0,yes,yes,no,no,524000000
cilodong,3,2,75.0,60.0,no,no,no,no,750000000
pancoran mas,2,1,45.0,63.0,yes,yes,no,no,570000000
cilodong,3,2,85.0,101.0,no,yes,no,yes,1450000000
cinere,2,2,58.0,50.0,no,yes,no,no,1200000000
tapos,2,2,50.0,42.0,yes,yes,yes,no,400000000
cimanggis,2,1,40.0,60.0,yes,yes,yes,yes,195000000
cilodong,2,2,50.0,80.0,no,no,no,no,650000000
cinere,3,2,87.0,81.0,yes,yes,no,no,1705000000
sawangan,3,2,44.0,50.0,yes,yes,no,yes,537150000
sukmajaya,3,2,65.0,102.0,no,no,no,no,800000000
pancoran mas,3,2,71.0,105.0,yes,yes,no,yes,2100000000
cilodong,2,1,45.0,72.0,no,no,no,no,675000000
cilodong,3,2,75.0,60.0,no,yes,no,yes,765000000
sukmajaya,2,1,45.0,60.0,no,yes,no,yes,585000000
beji,3,2,120.0,115.0,yes,yes,yes,yes,1100000000
sawangan,2,1,36.0,85.0,no,no,no,no,299000000
limo,3,3,85.0,50.0,no,yes,no,yes,865000000
cimanggis,2,1,30.0,81.0,no,no,no,no,524000000
bojongsari,2,1,50.0,71.0,no,no,no,no,519990000
sawangan,2,1,26.0,60.0,no,no,no,no,350000000
sawangan,2,1,38.0,75.0,no,no,no,no,619500000
cilodong,3,2,60.0,75.0,no,no,no,no,650000000
cimanggis,3,2,63.0,66.0,yes,yes,no,no,875000000
sawangan,3,2,50.0,71.0,no,no,no,no,625000000
depok,3,2,100.0,85.0,yes,yes,yes,yes,1100000000
bojongsari,2,2,40.0,84.0,yes,no,no,no,1020000000
cilodong,3,2,70.0,66.0,no,no,no,no,912100000
cipayung,2,1,40.0,66.0,yes,yes,no,no,400000000
sawangan,2,1,38.0,55.0,yes,yes,no,no,330000000
cipayung,2,1,38.0,55.0,yes,yes,no,no,265000000
cinere,2,2,60.0,60.0,no,yes,no,yes,680000000
cimanggis,2,1,45.0,100.0,yes,yes,no,yes,800000000
depok,2,1,45.0,70.0,no,no,no,no,452000000
sawangan,2,1,36.0,77.0,yes,yes,yes,yes,348000000
pancoran mas,3,2,85.0,54.0,no,yes,no,yes,885000000
cinere,3,2,80.0,84.0,yes,yes,no,no,1080000000
depok,2,2,130.0,89.0,yes,no,yes,no,785000000
sukmajaya,2,1,40.0,55.0,no,no,yes,no,275000000
beji,2,2,95.0,100.0,yes,yes,yes,no,850000000
cilodong,3,3,70.0,70.0,yes,yes,yes,yes,890000000
pancoran mas,2,1,95.0,36.0,no,no,no,no,493000000
cilodong,2,1,48.0,68.0,no,no,no,no,600000000
pancoran mas,3,2,70.0,69.0,no,no,no,no,800000000
beji,3,3,90.0,80.0,no,no,no,no,1310000000
cimanggis,3,2,54.0,60.0,no,no,no,no,720710000
limo,3,2,80.0,84.0,yes,yes,no,yes,1080000000
sawangan,3,2,54.0,66.0,yes,no,yes,no,578000000
sawangan,2,1,40.0,60.0,no,no,no,no,230000000
cilodong,2,1,38.0,70.0,no,yes,no,yes,390000000
sukmajaya,3,3,80.0,75.0,no,yes,yes,yes,898000000
limo,4,3,105.0,85.0,no,no,no,no,1150000000
beji,2,2,55.0,80.0,yes,yes,no,no,895000000
bojongsari,3,2,80.0,125.0,no,no,no,no,750000000
beji,2,2,48.0,41.0,no,no,no,no,632000000
pancoran mas,3,2,64.0,84.0,no,no,no,no,995000000
limo,3,3,65.0,96.0,no,yes,no,yes,1000000000
sawangan,2,1,50.0,82.0,yes,yes,no,no,660000000
beji,2,2,98.0,87.0,yes,yes,no,no,1320000000
cipayung,2,1,45.0,60.0,no,no,no,no,485000000
cilodong,2,1,45.0,80.0,yes,yes,no,no,690000000
cipayung,2,1,40.0,60.0,no,yes,no,no,330000000
sukmajaya,3,3,100.0,89.0,no,yes,yes,yes,1100000000
pancoran mas,3,2,65.0,61.0,no,no,no,no,779500000
sawangan,2,1,45.0,73.0,no,yes,no,no,495000000
cilodong,2,1,40.0,42.0,yes,yes,no,no,280000000
sawangan,2,2,40.0,40.0,no,no,no,no,353000000
sawangan,2,1,36.0,60.0,no,yes,no,no,285000000
cimanggis,2,1,48.0,72.0,yes,no,no,no,575000000
sawangan,2,2,40.0,40.0,yes,yes,yes,no,372000000
cilodong,2,1,60.0,112.0,no,no,no,no,890000000
cilodong,3,2,70.0,85.0,no,yes,no,yes,850000000
cimanggis,3,2,69.0,74.0,yes,no,yes,no,959000000
cimanggis,4,2,130.0,105.0,yes,yes,yes,no,1800000000
cinere,3,3,140.0,114.0,no,no,no,no,1850000000
sawangan,2,1,45.0,94.0,yes,yes,no,yes,778500000
sukmajaya,2,1,61.0,40.0,no,no,no,no,610000000
bojongsari,2,1,45.0,60.0,yes,no,no,yes,660000000
bojongsari,3,1,81.0,81.0,no,no,no,no,900000000
beji,3,2,122.0,92.0,no,yes,yes,no,1300000000
cilodong,3,3,120.0,89.0,yes,yes,no,yes,1050000000
sawangan,3,2,70.0,67.0,yes,no,no,no,786000000
sawangan,2,1,40.0,61.0,no,no,no,no,400000000
sawangan,3,2,85.0,112.0,no,no,no,no,935000000
sukmajaya,3,3,80.0,75.0,no,yes,yes,no,875000000
cilodong,3,2,69.0,77.0,yes,yes,yes,yes,955000000
pancoran mas,3,2,72.0,60.0,no,yes,no,yes,780000000
cilodong,3,2,85.0,75.0,no,no,no,no,898000000
cimanggis,3,2,63.0,60.0,yes,yes,yes,no,790000000
beji,3,3,115.0,72.0,no,yes,no,no,1400000000
sukmajaya,2,1,48.0,72.0,no,no,no,no,589000000
pancoran mas,3,2,65.0,75.0,no,yes,no,yes,825000000
cimanggis,3,2,72.0,72.0,no,no,no,no,700000000
cilodong,3,2,55.0,65.0,yes,yes,no,no,668375000
cimanggis,3,2,70.0,50.0,yes,yes,no,no,697000000
cilodong,2,1,45.0,66.0,yes,yes,yes,yes,530000000
cilodong,2,1,50.0,67.0,yes,yes,no,yes,350000000
cipayung,2,1,40.0,72.0,yes,yes,no,yes,477424550
limo,4,3,140.0,72.0,yes,no,no,no,1560000000
sukmajaya,3,3,80.0,70.0,yes,yes,yes,yes,849000000
cimanggis,2,2,60.0,90.0,yes,yes,no,yes,685000000
pancoran mas,2,1,5.0,72.0,no,yes,no,no,675000000
bojongsari,2,1,36.0,66.0,no,yes,no,no,525000000
cipayung,2,1,36.0,60.0,yes,yes,no,no,380400000
sawangan,3,2,60.0,50.0,no,no,no,no,500000000
cilodong,2,2,36.0,36.0,no,no,no,no,373000000
cimanggis,2,2,51.0,72.0,no,no,no,no,800000000
bojongsari,2,1,48.0,60.0,no,no,no,no,430000000
sawangan,2,1,40.0,53.0,yes,yes,no,no,485000000
sawangan,2,1,40.0,50.0,no,no,no,no,155000000
cimanggis,2,1,40.0,63.0,yes,yes,no,no,486000000
cinere,3,2,75.0,91.0,no,yes,no,yes,775000000
bojongsari,2,1,45.0,60.0,yes,yes,yes,yes,594000000
sawangan,4,3,101.0,77.0,no,yes,no,no,800000000
cimanggis,3,1,54.0,60.0,yes,yes,yes,yes,700000000
cinere,2,2,50.0,71.0,yes,yes,no,yes,735000000
tapos,3,2,70.0,70.0,yes,yes,yes,no,1154000000
cilodong,3,2,90.0,80.0,yes,yes,yes,yes,875000000
sawangan,3,1,81.0,81.0,yes,no,no,no,900000000
pancoran mas,3,2,70.0,60.0,no,no,no,yes,750000000
sawangan,2,1,36.0,86.0,yes,yes,no,no,460000000
cimanggis,3,2,66.0,83.0,no,no,no,no,1200000000
pancoran mas,3,3,78.0,101.0,yes,yes,yes,yes,890000000
sawangan,2,1,29.0,72.0,no,no,no,no,260000000
cimanggis,3,2,55.0,67.0,no,no,no,no,896797763
cilodong,3,2,70.0,60.0,yes,yes,yes,yes,750000000
pancoran mas,3,2,85.0,60.0,no,yes,no,yes,985000000
cilodong,3,2,85.0,65.0,no,no,no,no,785000000
cimanggis,3,3,60.0,67.0,yes,no,yes,no,799000000
cipayung,2,1,36.0,70.0,no,yes,no,no,450000000
cimanggis,2,1,36.0,63.0,no,yes,no,no,545000000
cipayung,2,1,40.0,70.0,yes,yes,no,yes,463242365
beji,4,3,130.0,74.0,no,no,no,no,1300000000
cipayung,2,1,36.0,61.0,no,yes,no,no,353000000
sawangan,3,3,90.0,123.0,yes,yes,no,yes,1320000000
cilodong,3,2,71.0,84.0,no,yes,no,yes,800000000
sukmajaya,3,2,70.0,72.0,no,yes,yes,no,995000000
cilodong,3,2,54.0,65.0,yes,yes,no,yes,790000000
limo,4,3,110.0,83.0,no,yes,no,no,977000000
sukmajaya,3,2,42.0,81.0,yes,yes,no,no,500000000
cimanggis,3,2,64.0,55.0,no,no,no,no,740000000
cimanggis,3,2,54.0,71.0,no,yes,no,yes,619500000
cinere,2,1,36.0,52.0,yes,no,no,no,315000000
cimanggis,3,2,56.0,60.0,no,yes,no,yes,795000000
sawangan,3,2,44.0,50.0,no,no,no,yes,561000000
pancoran mas,3,2,70.0,91.0,no,yes,no,yes,780000000
cinere,3,2,130.0,125.0,no,no,no,no,1500000000
beji,4,4,140.0,98.0,no,no,no,no,1400000000
sukmajaya,2,2,72.0,60.0,yes,yes,no,yes,880320000
cilodong,3,2,64.0,70.0,yes,yes,yes,yes,763000000
limo,3,3,130.0,95.0,no,yes,no,yes,1495000000
beji,3,2,75.0,70.0,no,yes,no,yes,850000000
cimanggis,3,2,95.0,49.0,no,no,no,no,707200000
cipayung,2,1,30.0,40.0,yes,no,no,no,195000000
sawangan,3,2,70.0,72.0,no,no,no,no,675000000
sawangan,2,1,50.0,65.0,no,no,no,no,250000000
cipayung,2,1,40.0,55.0,no,no,no,no,443000000
sawangan,2,1,50.0,82.0,no,no,no,no,660000000
beji,4,3,155.0,101.0,yes,yes,yes,no,1400000000
cimanggis,2,1,49.0,68.0,no,no,no,no,680000000
tapos,2,1,50.0,72.0,yes,yes,no,no,532000000
sukmajaya,3,3,70.0,78.0,yes,yes,yes,yes,980000000
beji,3,3,115.0,73.0,no,no,no,no,1050000000
cilodong,3,2,60.0,70.0,yes,yes,no,yes,800000000
cipayung,2,1,45.0,72.0,no,yes,no,no,200000000
sawangan,2,1,45.0,56.0,no,no,no,no,350000000
pancoran mas,3,3,150.0,106.0,yes,yes,yes,no,1800000000
beji,3,3,78.0,101.0,yes,yes,yes,yes,900000000
sawangan,2,1,45.0,90.0,yes,yes,no,no,495000000
cinere,3,3,80.0,101.0,yes,yes,yes,yes,800000000
pancoran mas,3,3,88.0,84.0,yes,yes,no,no,1500000000
cilodong,2,2,60.0,70.0,yes,yes,no,yes,735000000
cimanggis,2,1,42.0,70.0,yes,yes,no,no,909919300
pancoran mas,3,2,60.0,52.0,yes,yes,yes,yes,749500000
bojongsari,3,2,75.0,84.0,no,yes,no,no,1197500000
sukmajaya,3,3,120.0,89.0,yes,yes,yes,yes,1050000000
depok,2,1,30.0,76.0,no,no,no,no,467500000
cimanggis,3,2,56.0,88.0,no,yes,no,no,890000000
cinere,4,3,130.0,100.0,yes,yes,yes,no,1750000000
cilodong,2,1,33.0,43.0,no,no,no,yes,235000000
sukmajaya,2,1,45.0,72.0,no,yes,no,yes,795000000
cimanggis,3,2,90.0,65.0,no,no,no,no,1000000000
cimanggis,2,2,42.0,32.0,yes,yes,yes,no,448920000
cimanggis,3,2,56.0,65.0,yes,yes,yes,yes,700000000
beji,3,3,80.0,66.0,yes,yes,yes,yes,850000000
cilodong,3,1,45.0,90.0,no,no,no,no,850000000
cipayung,2,1,32.0,41.0,yes,yes,no,no,299340000
cinere,2,1,50.0,75.0,no,no,no,no,620000000
cipayung,2,1,36.0,60.0,no,yes,no,no,330000000
sawangan,2,1,36.0,50.0,no,no,no,no,185000000
beji,3,2,100.0,70.0,no,yes,no,yes,1290000000
pancoran mas,2,1,48.0,84.0,yes,yes,no,no,600000000
beji,2,1,52.0,52.0,no,no,no,no,380000000
cinere,3,1,80.0,115.0,no,yes,no,no,850000000
bojongsari,2,1,36.0,60.0,yes,yes,no,yes,430000000
pancoran mas,3,3,80.0,60.0,no,yes,no,yes,950000000
cimanggis,4,4,136.0,125.0,yes,yes,no,no,1950000000
cilodong,3,2,54.0,74.0,no,no,no,no,703000000
cimanggis,3,2,69.0,74.0,no,no,no,no,963000000
cipayung,2,1,54.0,78.0,no,yes,no,no,495000000
cilodong,2,2,40.0,43.0,no,no,no,no,465000000
depok,3,2,60.0,50.0,no,no,no,no,750000000
sawangan,2,1,36.0,72.0,no,no,no,no,375000000
cilodong,3,3,80.0,80.0,yes,yes,yes,yes,922000000
bojongsari,2,1,60.0,60.0,no,no,no,yes,500000000
sawangan,2,2,40.0,40.0,yes,no,yes,no,353000000
tapos,4,4,150.0,77.0,no,no,yes,no,1700000000
limo,3,2,150.0,120.0,yes,yes,no,no,2400000000
bojongsari,2,1,45.0,60.0,no,no,no,no,594000000
sawangan,3,2,64.0,70.0,yes,yes,yes,no,550000000
pancoran mas,4,4,100.0,66.0,no,no,no,no,1537000000
cipayung,2,1,27.0,75.0,yes,yes,no,no,371240000
cipayung,2,1,40.0,65.0,yes,yes,no,no,458000000
sawangan,3,2,70.0,114.0,yes,yes,no,no,1100000000
bojongsari,2,1,60.0,86.0,yes,yes,no,no,710000000
bojongsari,4,4,97.0,118.0,yes,yes,yes,no,1712000000
pancoran mas,2,2,70.0,60.0,no,yes,no,no,1400000000
cipayung,2,1,40.0,71.0,yes,yes,no,no,440000000
cilodong,1,1,24.0,26.0,no,no,no,no,200000000
cilodong,2,1,36.0,53.0,no,no,no,no,285000000
beji,3,2,68.0,72.0,yes,yes,yes,no,850000000
bojongsari,3,2,75.0,124.0,no,no,no,no,1350000000
sawangan,2,1,45.0,76.0,yes,yes,no,no,542000000
sawangan,3,2,60.0,112.0,no,no,no,no,900000000
pancoran mas,3,2,110.0,102.0,no,no,no,no,1180000000
beji,3,3,122.0,82.0,no,no,no,no,1300000000
cilodong,3,2,54.0,65.0,no,no,no,no,825000000
cilodong,3,3,70.0,112.0,no,no,no,no,985000000
sawangan,3,2,100.0,100.0,no,no,no,no,1250000000
sukmajaya,3,2,65.0,103.0,no,yes,no,yes,800000000
sawangan,2,1,70.0,90.0,yes,yes,no,yes,575000000
cinere,3,3,96.0,73.0,yes,yes,yes,yes,1470000000
cipayung,2,1,55.0,55.0,no,no,no,yes,235000000
cinere,2,2,74.0,97.0,no,no,no,no,1561000000
pancoran mas,2,1,40.0,70.0,no,yes,no,no,499000000
beji,2,1,40.0,66.0,yes,yes,no,no,420000000
cimanggis,2,1,45.0,50.0,yes,no,yes,no,550000000
cipayung,3,2,150.0,105.0,yes,yes,no,no,1380000000
cinere,3,3,140.0,118.0,no,no,no,no,1900000000
pancoran mas,2,1,42.0,68.0,no,yes,no,yes,600000000
bojongsari,3,3,100.0,123.0,yes,yes,no,no,1350000000
pancoran mas,3,3,130.0,95.0,no,yes,no,yes,1495000000
sukmajaya,2,1,64.0,76.0,no,yes,no,yes,850000000
tapos,3,2,40.0,53.0,no,no,no,no,493000000
pancoran mas,3,2,84.0,52.0,no,yes,yes,no,825000000
depok,3,2,70.0,88.0,no,no,no,no,842000000
bojongsari,3,3,110.0,98.0,no,no,no,no,1900000000
bojongsari,3,3,103.0,96.0,yes,yes,no,no,1679000000
cilodong,3,2,88.0,85.0,yes,yes,yes,no,783500000
sawangan,2,1,45.0,73.0,no,yes,no,yes,654500000
tapos,3,2,54.0,65.0,yes,yes,yes,yes,650000000
sukmajaya,3,3,80.0,81.0,yes,yes,yes,yes,925000000
bojongsari,4,4,97.0,107.0,yes,yes,yes,no,1624000000
pancoran mas,3,3,120.0,52.0,no,no,no,no,975000000
sukmajaya,2,2,42.0,40.0,no,yes,no,no,571200000
sawangan,2,1,45.0,63.0,no,yes,no,no,525000000
cimanggis,2,1,42.0,68.0,yes,yes,no,yes,892440000
sawangan,3,2,44.0,53.0,yes,yes,no,yes,520900000
sawangan,2,1,45.0,75.0,yes,yes,no,no,529000000
cimanggis,3,3,140.0,113.0,yes,yes,yes,no,1660000000
beji,3,2,85.0,65.0,yes,yes,yes,yes,999000000
cilodong,2,1,45.0,90.0,yes,yes,no,yes,670000000
sawangan,2,1,32.0,60.0,no,no,no,no,348000000
beji,2,1,36.0,72.0,no,no,no,no,750000000
pancoran mas,3,2,60.0,62.0,no,no,no,no,674000000
depok,3,3,100.0,85.0,yes,yes,yes,yes,1100000000
cimanggis,2,2,48.0,42.0,no,no,no,no,480000000
tapos,3,2,65.0,55.0,yes,no,no,no,850000000
limo,3,2,75.0,70.0,no,yes,no,yes,1000000000
pancoran mas,3,2,62.0,55.0,no,yes,no,yes,730000000
pancoran mas,2,1,40.0,65.0,yes,yes,no,yes,450000000
pancoran mas,2,2,55.0,82.0,yes,yes,no,yes,708500000
sawangan,3,3,100.0,120.0,yes,yes,no,no,1200000000
sawangan,3,2,79.0,113.0,yes,yes,no,no,1627401000
sukmajaya,3,2,100.0,60.0,no,no,no,yes,750000000
cimanggis,3,2,90.0,90.0,yes,yes,no,no,1526200000
sukmajaya,3,2,45.0,30.0,no,yes,no,no,697000000
sawangan,3,2,90.0,123.0,no,no,no,no,1300000000
beji,3,2,71.0,76.0,yes,yes,yes,yes,980000000
beji,2,1,45.0,80.0,yes,yes,no,no,660000000
cimanggis,2,1,42.0,70.0,no,no,no,no,866606000
sawangan,2,2,42.0,40.0,yes,no,yes,no,564000000
sawangan,3,3,101.0,77.0,yes,yes,yes,yes,800000000
beji,3,3,90.0,73.0,no,no,no,no,1150000000
bojongsari,2,1,40.0,66.0,yes,yes,no,no,400000000
cilodong,2,1,48.0,65.0,no,no,no,no,575000000
cilodong,2,1,40.0,90.0,yes,yes,no,yes,670000000
pancoran mas,2,1,55.0,70.0,no,yes,no,yes,800000000
cilodong,4,2,66.0,72.0,yes,yes,no,no,495000000
beji,2,2,51.0,60.0,no,no,no,no,776000000
beji,4,2,150.0,96.0,no,no,no,no,700000000
bojongsari,2,1,45.0,110.0,no,no,no,no,600000000
bojongsari,2,1,45.0,125.0,yes,yes,no,no,795000000
sawangan,3,2,70.0,80.0,yes,yes,yes,yes,1000000000
cilodong,2,1,45.0,78.0,no,no,no,no,670500000
sukmajaya,4,4,119.0,120.0,no,no,no,no,1680000000
sukmajaya,4,3,140.0,113.0,no,no,no,no,1660000000
bojongsari,2,1,40.0,108.0,yes,yes,no,no,575000000
cilodong,2,1,36.0,60.0,no,yes,no,no,700000000
sukmajaya,3,3,80.0,72.0,yes,yes,yes,yes,915000000
tapos,2,1,87.0,87.0,no,no,no,no,499000000
cipayung,2,1,45.0,68.0,no,yes,no,no,390000000
sukmajaya,2,2,40.0,25.0,no,no,no,no,290000000
cilodong,3,2,60.0,60.0,no,no,no,no,769950000
pancoran mas,3,2,80.0,50.0,no,yes,no,yes,865000000
cilodong,2,2,42.0,40.0,no,yes,no,no,360000000
tapos,3,3,80.0,81.0,no,yes,yes,yes,925000000
sawangan,2,1,36.0,60.0,yes,yes,no,yes,245000000
bojongsari,2,1,45.0,75.0,no,no,no,no,575000000
cilodong,3,2,90.0,72.0,yes,no,no,no,1380000000
sawangan,2,1,45.0,45.0,no,yes,no,no,485000000
sawangan,2,1,45.0,74.0,no,no,no,no,575000000
cimanggis,2,3,70.0,83.0,yes,yes,yes,yes,1188860000
cipayung,2,2,45.0,84.0,no,no,no,no,465000000
cilodong,2,1,45.0,90.0,yes,no,no,no,1000000000
sukmajaya,3,2,60.0,60.0,no,no,no,no,750000000
sawangan,2,1,45.0,73.0,yes,yes,no,no,575000000
limo,2,2,150.0,113.0,yes,no,no,no,2040000000
sawangan,3,2,110.0,67.0,no,no,no,no,950000000
cipayung,2,1,45.0,75.0,no,no,no,no,275000000
bojongsari,2,1,50.0,73.0,no,no,no,no,550000000
cilodong,3,2,85.0,107.0,yes,yes,yes,yes,1195000000
sawangan,2,2,42.0,41.0,no,no,no,no,571000000
cilodong,2,2,60.0,90.0,yes,yes,no,no,685000000
tapos,2,1,36.0,70.0,yes,yes,no,no,422000000
cinere,4,5,130.0,100.0,no,no,yes,no,1650000000
cimanggis,3,2,60.0,33.0,yes,yes,yes,no,490000000
sawangan,2,2,60.0,84.0,no,no,no,no,859000000
cilodong,1,1,24.0,24.0,no,no,no,no,166000000
bojongsari,2,1,45.0,81.0,no,no,no,no,530000000
depok,3,3,101.0,68.0,no,no,no,no,945000000
bojongsari,3,2,76.0,101.0,no,no,no,no,795000000
cimanggis,2,1,36.0,84.0,yes,yes,no,yes,742982000
cimanggis,3,2,72.0,50.0,yes,yes,no,no,595000000
pancoran mas,3,3,114.0,84.0,no,no,no,no,1200000000
sawangan,3,2,70.0,70.0,no,yes,no,yes,795000000
cilodong,3,2,70.0,73.0,yes,yes,yes,yes,895000000
pancoran mas,2,1,50.0,50.0,no,no,no,no,330000000
bojongsari,2,1,40.0,76.0,no,no,no,no,516000000
pancoran mas,2,1,40.0,60.0,yes,yes,no,no,350000000
beji,2,1,45.0,66.0,no,yes,no,no,551550000
sawangan,2,1,45.0,98.0,yes,yes,no,no,850000000
tapos,4,4,70.0,82.0,yes,no,yes,no,940000000
cimanggis,3,2,72.0,72.0,yes,yes,no,no,770000000
cipayung,2,1,40.0,63.0,no,yes,no,no,494000000
beji,3,3,130.0,96.0,no,yes,no,yes,1495000000
sukmajaya,2,1,45.0,90.0,yes,yes,yes,yes,670000000
depok,2,1,48.0,64.0,no,no,no,no,419000000
sukmajaya,3,3,80.0,75.0,yes,yes,yes,yes,900000000
pancoran mas,4,3,140.0,52.0,no,no,no,no,985000000
beji,2,2,70.0,98.0,no,no,no,no,987000000
sukmajaya,3,2,80.0,112.0,no,no,no,no,800000000
sawangan,3,2,101.0,70.0,yes,yes,yes,yes,945000000
sukmajaya,2,1,36.0,42.0,no,no,no,no,650000000
tapos,4,4,98.0,120.0,no,no,no,no,1900000000
depok,2,1,36.0,46.0,yes,yes,no,no,409000000
pancoran mas,3,2,84.0,52.0,no,no,yes,no,825000000
depok,2,1,36.0,60.0,yes,yes,no,yes,450000000
pancoran mas,2,1,60.0,68.0,no,no,no,no,707000000
cilodong,2,1,45.0,90.0,no,yes,no,yes,670000000
sawangan,2,1,45.0,60.0,no,yes,no,no,485000000
cilodong,3,3,85.0,70.0,no,yes,yes,no,775000000
cilodong,3,2,54.0,60.0,no,yes,no,no,599900000
cilodong,3,2,54.0,65.0,yes,yes,yes,no,840000000
sawangan,2,2,40.0,50.0,no,no,no,no,503000000
sawangan,2,1,45.0,72.0,no,yes,no,no,480000000
cimanggis,2,2,118.0,90.0,no,no,no,no,1495000000
sawangan,2,1,54.0,84.0,no,no,no,no,550000000
depok,2,1,45.0,91.0,no,no,no,no,375000000
limo,2,1,55.0,77.0,no,no,no,no,670000000
cilodong,3,3,80.0,68.0,yes,yes,yes,yes,850000000
cimanggis,2,1,90.0,90.0,no,no,no,no,685000000
pancoran mas,3,2,75.0,60.0,no,no,no,no,1160000000
cilodong,2,1,48.0,81.0,yes,yes,no,no,781000000
depok,2,1,57.0,78.0,no,no,no,no,580000000
sawangan,3,2,101.0,68.0,yes,yes,yes,no,945000000
sukmajaya,2,1,45.0,72.0,yes,yes,no,no,600000000
cimanggis,3,2,70.0,81.0,no,no,no,no,1090559600
sawangan,2,1,42.0,89.0,yes,yes,no,no,731400000
cimanggis,2,1,80.0,75.0,no,no,no,yes,900000000
bojongsari,3,3,110.0,98.0,yes,yes,yes,no,1900000000
pancoran mas,2,1,40.0,83.0,no,yes,no,no,930550000
pancoran mas,4,3,99.0,96.0,yes,yes,no,no,429000000
bojongsari,2,1,45.0,90.0,yes,yes,no,no,780000000
cilodong,2,1,40.0,55.0,no,no,no,no,487450000
cinere,4,5,120.0,127.0,no,no,no,yes,2700000000
bojongsari,3,2,80.0,88.0,no,no,no,no,1200000000
cilodong,2,1,36.0,36.0,yes,yes,no,no,372000000
cinere,3,3,80.0,90.0,yes,yes,yes,yes,800000000
cimanggis,3,2,60.0,33.0,yes,no,no,no,490000000
cimanggis,3,2,70.0,65.0,no,no,no,no,897000000
pancoran mas,3,3,100.0,107.0,no,yes,no,yes,1700000000
tapos,2,1,45.0,73.0,yes,yes,no,no,540000000
cilodong,3,2,72.0,90.0,no,no,no,no,1231000000
cimanggis,3,2,85.0,75.0,no,no,no,no,1694000000
beji,2,2,60.0,90.0,yes,yes,no,yes,720000000
sawangan,2,1,36.0,72.0,yes,yes,no,no,395000000
depok,2,1,45.0,73.0,no,no,no,no,530000000
pancoran mas,3,2,85.0,87.0,no,no,no,no,765000000
cilodong,2,1,60.0,90.0,no,no,no,no,910000000
beji,3,2,80.0,60.0,no,yes,no,yes,900000000
sawangan,2,2,45.0,40.0,no,no,no,no,597000000
cimanggis,2,2,51.0,73.0,no,no,no,no,835250000
cimanggis,3,2,92.0,96.0,no,no,no,no,2145000000
bojongsari,2,2,45.0,44.0,no,no,no,no,711000000
pancoran mas,3,2,84.0,100.0,no,yes,yes,no,1050000000
sukmajaya,2,2,42.0,25.0,no,no,no,no,275000000
cimanggis,3,2,103.0,120.0,yes,yes,no,no,1280000000
cimanggis,3,2,74.0,64.0,no,no,no,no,995000000
cimanggis,3,2,60.0,60.0,no,no,no,no,730000000
cipayung,2,1,21.0,50.0,yes,yes,no,no,236000000
sawangan,3,2,80.0,120.0,yes,yes,yes,yes,1580000000
sukmajaya,3,2,66.0,72.0,yes,yes,yes,no,825000000
sukmajaya,3,3,70.0,72.0,yes,yes,no,yes,915000000
cipayung,3,3,144.0,109.0,no,no,no,no,800000000
sawangan,2,1,45.0,84.0,yes,yes,no,no,872500000
sukmajaya,3,3,66.0,66.0,no,no,no,no,887250000
sukmajaya,3,2,51.0,71.0,yes,no,no,no,786500000
cimanggis,3,3,80.0,70.0,no,yes,yes,yes,915000000
bojongsari,3,3,87.0,77.0,yes,yes,yes,no,1286000000
sawangan,2,1,42.0,72.0,yes,no,no,yes,450000000
cimanggis,2,1,36.0,60.0,no,no,no,no,580000000
beji,2,1,45.0,50.0,no,no,no,no,500000000
cilodong,3,3,80.0,112.0,no,yes,no,no,988000000
cimanggis,3,2,60.0,86.0,no,no,no,no,1100000000
cilodong,2,1,45.0,105.0,no,no,no,no,950000000
beji,3,3,65.0,70.0,no,no,no,no,900000000
bojongsari,2,1,60.0,70.0,yes,yes,no,yes,765000000
beji,3,3,140.0,77.0,yes,no,no,no,1700000000
sawangan,2,1,45.0,60.0,yes,no,yes,yes,500000000
cimanggis,3,2,72.0,60.0,yes,no,no,no,847000000
cinere,2,1,58.0,90.0,yes,no,no,no,620000000
cilodong,3,3,80.0,83.0,no,yes,yes,yes,925000000
cimanggis,3,2,100.0,100.0,yes,yes,yes,yes,1250000000
beji,3,3,145.0,115.0,yes,yes,no,no,1560000000
sawangan,2,2,40.0,60.0,no,no,no,no,457900000
cimanggis,3,3,112.0,128.0,yes,yes,no,yes,2100000000
cimanggis,2,2,48.0,42.0,yes,no,no,no,480000000
bojongsari,2,2,51.0,72.0,yes,yes,no,no,887250000
sawangan,3,2,70.0,63.0,no,no,no,no,822000000
cilodong,3,2,66.0,60.0,no,no,no,no,650000000
cilodong,2,1,34.0,76.0,yes,yes,no,yes,999350000
sawangan,2,1,50.0,76.0,yes,yes,no,no,690000000
limo,3,2,75.0,89.0,no,yes,no,yes,895000000
sawangan,3,3,104.0,84.0,yes,yes,yes,no,1554000000
sawangan,2,2,50.0,65.0,no,no,no,no,625000000
bojongsari,2,1,40.0,82.0,yes,yes,no,yes,475000000
pancoran mas,3,2,70.0,95.0,no,yes,no,yes,800000000
cilodong,3,2,37.0,40.0,no,no,no,no,476000000
sawangan,3,3,111.0,98.0,yes,yes,yes,no,1944593000
sawangan,3,2,44.0,50.0,yes,no,no,yes,449000000
cinere,3,3,75.0,96.0,yes,yes,no,no,999000000
cimanggis,3,2,70.0,67.0,yes,yes,yes,no,940110000
pancoran mas,3,3,75.0,80.0,no,yes,no,yes,950000000
cipayung,2,1,30.0,40.0,yes,yes,no,yes,166000000
sukmajaya,2,1,40.0,60.0,yes,yes,no,yes,610000000
depok,2,1,45.0,84.0,yes,no,no,no,590000000
cilodong,3,3,80.0,82.0,yes,yes,yes,yes,925000000
bojongsari,2,1,36.0,75.0,no,no,no,no,453000000
cilodong,2,2,45.0,40.0,yes,yes,yes,no,455000000
cilodong,3,2,56.0,66.0,yes,yes,no,no,665197500
cilodong,2,1,40.0,45.0,no,yes,no,yes,389000000
depok,3,2,75.0,85.0,no,no,yes,no,998000000
sawangan,2,1,50.0,70.0,yes,yes,yes,yes,450000000
cimanggis,3,2,63.0,55.0,no,no,no,no,740000000
sukmajaya,2,2,51.0,59.0,yes,yes,no,no,768000000
sukmajaya,3,2,80.0,84.0,no,no,no,no,870000000
pancoran mas,2,2,42.0,40.0,no,no,no,no,560000000
tapos,2,1,30.0,56.0,yes,yes,no,yes,495000000
beji,2,1,55.0,84.0,no,yes,no,yes,375000000
cimanggis,4,3,130.0,62.0,no,no,no,no,888000000
cilodong,2,2,60.0,87.0,yes,yes,no,no,651000000
depok,4,3,110.0,90.0,yes,no,no,yes,1120000000
depok,2,1,60.0,75.0,no,no,no,no,720000000
cimanggis,3,2,47.0,45.0,yes,yes,yes,no,761000000
sawangan,2,1,40.0,60.0,no,yes,no,yes,490000000
cimanggis,3,2,61.0,60.0,yes,yes,yes,no,790000000
cilodong,2,1,50.0,60.0,no,no,no,no,520000000
depok,4,2,95.0,88.0,no,no,no,no,930000000
bojongsari,2,1,32.0,60.0,yes,yes,no,yes,300000000
cinere,2,2,150.0,113.0,yes,no,no,no,2040000000
sawangan,2,1,45.0,76.0,yes,yes,no,yes,273000000
beji,3,3,120.0,72.0,yes,no,no,yes,1350000000
sawangan,2,1,52.0,84.0,yes,yes,no,yes,520000000
bojongsari,2,1,50.0,76.0,yes,yes,no,no,690000000
pancoran mas,3,2,70.0,77.0,no,no,no,no,855000000
limo,3,2,80.0,80.0,no,yes,no,yes,980000000
beji,4,4,140.0,102.0,no,yes,no,yes,1600000000
cilodong,2,2,60.0,87.0,no,no,no,no,685000000
pancoran mas,3,2,100.0,71.0,no,no,no,no,1250000000
bojongsari,3,2,75.0,84.0,yes,yes,no,no,1172500000
cimanggis,3,3,78.0,101.0,yes,yes,yes,yes,900000000
cimanggis,2,1,30.0,50.0,no,yes,no,no,385000000
bojongsari,2,1,38.0,73.0,yes,yes,no,yes,510000000
beji,3,3,120.0,92.0,no,no,no,no,1400000000
pancoran mas,3,2,75.0,85.0,no,yes,no,yes,850000000
pancoran mas,3,3,80.0,52.0,no,yes,no,yes,850000000
bojongsari,3,2,64.0,72.0,yes,yes,no,yes,1135000000
cilodong,2,1,50.0,70.0,no,no,no,no,510000000
bojongsari,3,2,72.0,65.0,yes,yes,yes,no,885000000
beji,3,2,70.0,57.0,yes,yes,yes,no,900000000
cinere,3,3,130.0,97.0,no,yes,no,yes,1495000000
cilodong,3,2,60.0,53.0,yes,yes,yes,yes,742000000
limo,3,1,72.0,90.0,no,no,no,no,550000000
sawangan,2,2,40.0,70.0,yes,no,no,yes,750000000
cimanggis,3,2,60.0,50.0,yes,no,yes,no,575000000
pancoran mas,3,2,84.0,100.0,no,no,no,no,1000000000
depok,2,1,45.0,60.0,yes,yes,no,no,485000000
cimanggis,3,2,70.0,66.0,yes,yes,yes,no,865000000
depok,3,2,84.0,64.0,yes,yes,no,no,975000000
cipayung,2,1,40.0,71.0,yes,yes,no,yes,467272500
cinere,3,2,90.0,70.0,no,no,no,no,1500000000
cilodong,2,2,50.0,72.0,no,no,no,no,735000000
beji,4,4,130.0,80.0,no,no,no,no,1525000000
cimanggis,1,1,35.0,35.0,no,no,no,no,125000000
cilodong,2,1,46.0,60.0,no,no,no,no,675000000
cimanggis,2,2,65.0,90.0,yes,yes,no,yes,900000000
tapos,3,2,72.0,60.0,yes,yes,yes,no,480000000
sawangan,2,1,36.0,50.0,yes,yes,no,no,185000000
depok,2,2,47.0,55.0,no,no,no,no,498000000
cipayung,2,1,40.0,53.0,yes,yes,yes,yes,457000000
bojongsari,2,1,48.0,110.0,no,yes,no,no,850000000
cimanggis,3,2,65.0,50.0,yes,yes,yes,yes,900000000
tapos,2,1,40.0,62.0,yes,yes,no,yes,499999999
bojongsari,2,2,45.0,105.0,yes,no,no,yes,850000000
cimanggis,3,2,107.0,80.0,no,yes,no,no,1100000000
cimanggis,3,2,70.0,53.0,no,no,no,no,585000000
bojongsari,2,2,45.0,52.0,yes,yes,yes,no,814000000
cimanggis,3,2,74.0,70.0,no,no,no,no,975000000
tapos,3,2,60.0,87.0,yes,yes,yes,no,891000000
cilodong,2,1,50.0,89.0,yes,yes,no,no,822820000
pancoran mas,3,2,92.0,55.0,yes,yes,no,no,600000000
cimanggis,3,2,60.0,33.0,yes,yes,no,no,485000000
cipayung,2,1,36.0,50.0,yes,yes,no,no,185000000
cilodong,3,2,80.0,80.0,yes,yes,no,no,950000000
pancoran mas,3,2,70.0,70.0,no,yes,no,yes,900000000
limo,3,3,155.0,84.0,yes,yes,no,no,1722000000
cilodong,3,1,45.0,84.0,no,yes,no,no,567644000
depok,3,2,79.0,90.0,no,no,no,no,1015000000
pancoran mas,3,2,96.0,93.0,yes,yes,no,no,1200000000
cipayung,2,1,40.0,60.0,yes,yes,no,yes,425000000
bojongsari,3,3,87.0,76.0,yes,yes,yes,no,1311000000
bojongsari,3,2,60.0,76.0,no,no,no,no,750000000
sukmajaya,3,3,80.0,78.0,no,no,no,no,1050000000
sawangan,2,1,42.0,84.0,no,yes,no,no,575000000
bojongsari,2,1,50.0,90.0,no,yes,no,no,700000000
sawangan,3,2,56.0,65.0,yes,yes,yes,no,695500000
cilodong,2,1,45.0,75.0,no,yes,no,yes,651000000
cilodong,2,1,31.0,60.0,no,no,no,no,400000000
pancoran mas,3,3,85.0,54.0,no,yes,no,yes,885000000
sukmajaya,2,1,48.0,78.0,yes,yes,yes,yes,680000000
pancoran mas,4,3,130.0,98.0,no,no,no,no,1410000000
pancoran mas,2,1,60.0,75.0,yes,yes,no,yes,675000000
cipayung,3,1,80.0,80.0,no,no,no,yes,365000000
sukmajaya,3,3,80.0,80.0,yes,yes,yes,yes,925000000
sawangan,2,2,40.0,50.0,yes,yes,yes,no,473000000
sukmajaya,3,3,80.0,64.0,no,no,no,yes,850000000
beji,3,1,103.0,133.0,no,no,no,no,1680000000
cilodong,3,2,80.0,101.0,no,no,no,no,1450000000
cilodong,2,1,36.0,50.0,yes,no,no,no,500000000
cimanggis,3,2,69.0,81.0,no,no,no,no,1006000000
sukmajaya,3,3,80.0,68.0,yes,yes,yes,yes,850000000
pancoran mas,3,2,70.0,75.0,no,yes,no,no,799000000
cilodong,3,2,85.0,63.0,yes,yes,no,no,750000000
pancoran mas,3,2,70.0,83.0,no,yes,no,yes,850000000
limo,3,3,90.0,60.0,yes,yes,yes,no,875000000
cilodong,3,3,80.0,79.0,yes,yes,yes,yes,985000000
cilodong,2,2,70.0,120.0,yes,yes,no,yes,789000000
bojongsari,2,2,50.0,73.0,yes,yes,yes,no,804000000
pancoran mas,3,2,100.0,73.0,no,no,no,no,1250000000
pancoran mas,3,2,61.0,118.0,yes,yes,no,no,1529200000
sawangan,2,1,54.0,125.0,yes,yes,no,yes,850000000
sawangan,2,1,36.0,70.0,yes,yes,no,yes,414000000
sawangan,2,1,45.0,84.0,yes,yes,no,yes,525000000
depok,3,2,70.0,119.0,no,yes,no,yes,800000000
cilodong,3,3,74.0,94.0,no,no,no,no,991000000
cipayung,2,1,40.0,42.0,yes,yes,no,yes,200000000
cilodong,2,1,45.0,94.0,yes,yes,no,no,669000000
cinere,3,3,75.0,96.0,yes,yes,yes,no,999000000
cilodong,2,2,40.0,68.0,no,no,no,no,559000000
sawangan,2,1,50.0,72.0,no,no,no,no,390000000
cilodong,3,1,58.0,98.0,no,no,no,no,780000000
cilodong,2,1,36.0,50.0,no,yes,no,no,275000000
beji,2,1,32.0,60.0,yes,yes,no,yes,348000000
sukmajaya,3,2,107.0,87.0,yes,no,no,no,1384800000
tapos,2,1,42.0,80.0,no,no,no,yes,450000000
cinere,4,4,110.0,84.0,no,no,no,no,1770000000
tapos,2,1,36.0,60.0,no,yes,no,no,405000000
sawangan,2,1,42.0,60.0,yes,yes,no,no,486000000
pancoran mas,2,1,45.0,68.0,no,no,no,no,600000000
cimanggis,3,2,60.0,60.0,yes,yes,no,no,770000000
depok,3,3,90.0,90.0,yes,yes,no,no,1258750000
cilodong,3,2,64.0,84.0,yes,no,no,yes,975000000
cipayung,2,1,42.0,60.0,no,no,no,no,486000000
pancoran mas,2,1,36.0,66.0,no,no,no,no,550000000
cimanggis,3,2,69.0,69.0,no,yes,no,no,800000000
sawangan,3,2,63.0,66.0,yes,no,yes,no,732101200
depok,4,4,97.0,112.0,yes,yes,yes,no,1664000000
sukmajaya,3,2,66.0,72.0,yes,yes,yes,yes,931000000
depok,3,2,60.0,102.0,no,no,no,no,650000000
pancoran mas,2,1,55.0,65.0,no,no,no,no,650000000
cilodong,3,3,80.0,78.0,yes,yes,yes,no,1050000000
cimanggis,3,2,72.0,70.0,no,no,no,no,720000000
depok,3,2,70.0,78.0,yes,yes,yes,yes,973000000
sawangan,2,1,38.0,68.0,yes,yes,no,yes,654000000
sukmajaya,2,2,55.0,55.0,yes,yes,yes,yes,600000000
cimanggis,3,2,76.0,78.0,no,yes,no,no,820000000
pancoran mas,3,2,70.0,75.0,no,yes,yes,yes,800000000
cimanggis,3,2,88.0,71.0,no,no,no,no,1382000000
cinere,3,3,98.0,70.0,no,no,no,no,1435000000
bojongsari,2,1,45.0,84.0,yes,yes,no,yes,772000000
pancoran mas,2,1,50.0,88.0,yes,yes,no,no,675000000
cimanggis,3,2,60.0,50.0,yes,yes,no,no,784000000
bojongsari,2,1,40.0,60.0,no,yes,no,no,514522000
sawangan,2,1,40.0,60.0,no,yes,no,no,300000000
pancoran mas,3,1,60.0,68.0,no,no,no,no,707000000
pancoran mas,3,2,71.0,84.0,no,yes,no,yes,820000000
beji,3,2,80.0,65.0,yes,yes,yes,no,990000000
cimanggis,3,2,69.0,89.0,no,no,no,no,1163000000
sawangan,2,2,50.0,87.0,no,no,no,no,635000000
pancoran mas,2,1,70.0,90.0,yes,yes,no,no,1080000000
cimanggis,2,1,48.0,72.0,no,no,no,no,630000000
cilodong,2,2,60.0,81.0,yes,yes,no,yes,650000000
pancoran mas,4,2,130.0,105.0,yes,yes,yes,no,1800000000
sawangan,3,2,90.0,109.0,no,no,no,no,1560000000
sawangan,3,2,120.0,72.0,no,no,no,no,1100000000
beji,2,2,50.0,54.0,yes,yes,no,no,820000000
cimanggis,2,3,78.0,98.0,yes,yes,no,no,1250000000
bojongsari,2,1,36.0,90.0,no,no,no,no,660000000
depok,3,3,75.0,80.0,no,no,no,no,950000000
cinere,4,4,130.0,90.0,no,no,no,no,1800000000
limo,4,3,110.0,84.0,yes,yes,no,no,1295000000
cilodong,3,2,46.0,60.0,yes,yes,yes,no,756000000
cimanggis,3,2,57.0,60.0,yes,yes,no,no,750000000
depok,3,2,61.0,84.0,no,no,no,no,975000000
cimanggis,2,1,61.0,90.0,yes,yes,no,no,1198000000
sawangan,2,1,38.0,70.0,no,no,no,no,513500000
limo,2,1,45.0,66.0,no,yes,no,no,551550000
bojongsari,2,2,50.0,55.0,no,no,no,no,850000000
sawangan,2,1,36.0,60.0,yes,yes,no,no,245000000
beji,3,3,110.0,82.0,no,no,no,no,1420000000
cilodong,2,1,40.0,88.0,yes,yes,no,no,699000000
cipayung,2,1,36.0,70.0,yes,yes,no,yes,265000000
sukmajaya,3,3,80.0,69.0,yes,yes,yes,yes,850000000
cimanggis,3,2,60.0,60.0,yes,yes,yes,no,800000000
cimanggis,3,2,62.0,50.0,no,no,no,no,766000000
sawangan,2,1,50.0,90.0,yes,yes,no,yes,968000000
cilodong,2,1,50.0,92.0,no,yes,no,yes,670000000
cilodong,3,3,80.0,87.0,no,yes,no,no,999000000
cinere,2,2,64.0,98.0,no,no,no,no,1546000000
sawangan,2,1,118.0,118.0,yes,yes,yes,no,799000000
cimanggis,3,2,70.0,70.0,yes,yes,yes,no,1153000000
sukmajaya,2,1,38.0,70.0,yes,yes,no,yes,390000000
cilodong,2,2,50.0,82.0,yes,yes,no,yes,685000000
pancoran mas,3,2,65.0,95.0,no,yes,no,yes,990000000
beji,2,1,90.0,111.0,no,no,no,no,830000000
tapos,2,1,40.0,63.0,no,no,no,no,486818000
cilodong,3,1,38.0,60.0,no,no,no,no,650000000
sawangan,2,1,35.0,35.0,yes,yes,no,no,175000000
pancoran mas,3,2,65.0,85.0,no,yes,no,yes,850000000
depok,2,1,36.0,60.0,no,yes,no,no,550000000
sukmajaya,3,3,90.0,98.0,no,no,no,no,999000000
sawangan,3,2,70.0,87.0,yes,yes,yes,no,671090000
depok,3,2,56.0,60.0,no,no,no,no,606000000
beji,3,3,130.0,97.0,no,no,no,no,1300000000
cimanggis,3,2,70.0,78.0,yes,no,no,no,1043000000
sawangan,2,1,30.0,50.0,no,no,no,yes,300000000
cilodong,2,2,2.0,78.0,no,no,no,no,831000000
beji,2,1,45.0,73.0,yes,no,no,yes,654500000
cilodong,3,3,80.0,81.0,no,yes,yes,yes,925000000
bojongsari,3,2,80.0,108.0,yes,yes,no,no,865000000
pancoran mas,2,1,40.0,72.0,yes,yes,no,yes,499000000
cipayung,2,1,48.0,60.0,no,no,no,no,412000000
cimanggis,3,3,128.0,119.0,yes,yes,no,no,2296200000
bojongsari,2,2,73.0,73.0,no,no,no,no,894000000
depok,3,3,70.0,78.0,yes,yes,yes,yes,980000000
pancoran mas,3,3,80.0,68.0,yes,yes,yes,yes,850000000
sawangan,2,1,37.0,56.0,yes,yes,no,yes,236000000
sawangan,3,2,70.0,90.0,yes,yes,yes,no,974000000
cimanggis,3,2,70.0,97.0,no,no,no,no,915000000
pancoran mas,2,1,44.0,68.0,no,no,no,no,725000000
cimanggis,2,1,45.0,50.0,yes,yes,yes,yes,550000000
cipayung,2,1,40.0,40.0,yes,yes,no,yes,147000000
cilodong,3,3,80.0,87.0,no,yes,no,yes,950000000
cipayung,2,1,30.0,30.0,no,no,no,no,200000000
bojongsari,2,1,40.0,61.0,no,no,no,no,444100000
sawangan,2,1,40.0,70.0,yes,yes,no,yes,350000000
pancoran mas,2,1,45.0,75.0,no,no,no,no,650000000
cinere,2,1,45.0,60.0,no,yes,no,yes,485000000
cilodong,2,1,40.0,66.0,yes,yes,no,yes,528000000
cimanggis,3,2,60.0,70.0,yes,yes,yes,yes,875000000
bojongsari,3,2,66.0,70.0,yes,yes,yes,yes,600000000
pancoran mas,2,1,40.0,72.0,yes,no,no,yes,499000000
sawangan,3,2,55.0,60.0,yes,yes,yes,yes,900000000
pancoran mas,2,2,4.0,40.0,no,yes,no,no,564000000
beji,3,1,100.0,113.0,no,no,no,no,455000000
cimanggis,2,1,45.0,60.0,yes,yes,no,no,475000000
cilodong,3,2,60.0,88.0,yes,no,no,no,743100000
cilodong,2,1,72.0,92.0,no,no,no,no,850000000
cinere,2,2,40.0,40.0,no,yes,no,yes,399000000
tapos,3,2,72.0,60.0,yes,yes,yes,yes,790000000
cinere,3,3,78.0,70.0,yes,yes,yes,yes,800000000
cilodong,3,3,69.0,78.0,no,yes,no,yes,960000000
cipayung,3,1,65.0,80.0,no,no,no,yes,650000000
tapos,2,1,36.0,60.0,no,no,no,no,380000000
cipayung,2,1,40.0,76.0,no,no,no,no,516600000
sawangan,2,1,36.0,59.0,no,no,no,no,480000000
pancoran mas,3,2,72.0,60.0,no,no,no,no,699000000
cilodong,2,1,42.0,90.0,no,no,no,no,675000000
cimanggis,3,3,67.0,54.0,no,no,no,no,766000000
sawangan,2,1,45.0,125.0,yes,yes,no,no,800000000
cilodong,3,3,80.0,82.0,no,yes,no,no,925000000
cimanggis,2,2,89.0,85.0,yes,yes,no,no,1630100000
cimanggis,3,2,77.0,60.0,no,yes,no,no,835950000
cilodong,3,3,70.0,75.0,no,yes,no,no,900000000
cilodong,2,2,46.0,40.0,no,no,no,no,481000000
sawangan,2,1,30.0,32.0,no,no,no,no,200000000
cilodong,2,1,40.0,53.0,no,no,no,no,400000000
sawangan,2,1,36.0,58.0,yes,yes,yes,yes,320000000
cimanggis,3,1,49.0,82.0,no,yes,no,no,725000000
pancoran mas,3,2,65.0,60.0,yes,yes,yes,yes,730000000
cilodong,2,1,50.0,84.0,yes,yes,no,no,679000000
bojongsari,2,1,45.0,70.0,no,yes,no,no,469800000
cipayung,2,1,30.0,41.0,no,no,no,yes,180000000
pancoran mas,2,2,45.0,90.0,yes,yes,no,no,900000000
cimanggis,2,2,50.0,73.0,yes,yes,no,yes,735000000
cipayung,2,1,38.0,38.0,no,no,no,no,250000000
pancoran mas,2,1,40.0,60.0,no,yes,no,yes,450000000
cimanggis,2,2,51.0,66.0,no,no,no,no,859250000
depok,2,2,46.0,60.0,yes,yes,no,no,677000000
sawangan,3,2,56.0,65.0,yes,yes,yes,yes,755500000
limo,2,2,150.0,113.0,yes,yes,no,no,2040000000
cilodong,3,2,60.0,60.0,yes,yes,no,no,699000000
cimanggis,3,2,60.0,63.0,yes,no,no,no,818588000
cimanggis,3,2,72.0,60.0,yes,no,yes,no,895000000
cimanggis,3,2,85.0,72.0,yes,yes,yes,no,825000000
sawangan,2,2,75.0,88.0,yes,yes,yes,yes,1270000000
beji,3,2,100.0,72.0,no,no,no,no,1050000000
cinere,3,3,140.0,72.0,yes,yes,yes,no,1320000000
limo,2,1,55.0,55.0,no,no,no,no,670000000
bojongsari,2,1,90.0,108.0,yes,yes,no,yes,859000000
sukmajaya,3,2,55.0,80.0,yes,yes,yes,yes,650000000
beji,3,2,75.0,60.0,yes,yes,yes,no,1132500000
cimanggis,2,1,36.0,63.0,no,no,no,no,545000000
sawangan,2,1,40.0,60.0,yes,yes,no,yes,305000000
bojongsari,3,3,87.0,77.0,no,no,no,no,1386000000
cilodong,2,2,50.0,74.0,no,yes,no,yes,735000000
pancoran mas,3,3,100.0,95.0,no,yes,yes,yes,950000000
depok,3,3,100.0,95.0,yes,yes,yes,yes,995000000
beji,4,3,120.0,100.0,no,no,no,no,1600000000
limo,3,2,60.0,72.0,no,yes,no,yes,895000000
pancoran mas,4,3,140.0,80.0,no,no,no,no,1300000000
cilodong,2,1,45.0,98.0,no,no,no,no,750000000
bojongsari,2,1,36.0,72.0,yes,yes,no,yes,348000000
cinere,3,2,70.0,91.0,no,yes,no,yes,775000000
cilodong,3,2,70.0,70.0,yes,yes,no,yes,810000000
cilodong,3,2,75.0,103.0,no,no,no,no,1250000000
sawangan,2,1,39.0,83.0,yes,yes,no,no,625000000
depok,3,2,70.0,63.0,no,no,no,no,795000000
sawangan,2,2,75.0,84.0,yes,yes,no,yes,1279000000
cilodong,3,2,94.0,121.0,yes,no,no,no,1450000000
depok,3,3,70.0,86.0,no,yes,no,no,940000000
depok,2,1,38.0,55.0,yes,yes,no,no,310000000
sawangan,3,1,63.0,72.0,yes,yes,yes,yes,695000000
sawangan,2,1,45.0,60.0,yes,yes,yes,yes,594000000
sawangan,3,2,56.0,68.0,yes,yes,yes,no,779569504
sukmajaya,3,2,83.0,90.0,yes,yes,yes,yes,1163880000
cilodong,2,1,60.0,87.0,yes,yes,no,yes,650000000
cipayung,2,1,36.0,76.0,yes,yes,no,no,444400000
sukmajaya,2,1,32.0,60.0,yes,yes,no,yes,348000000
cilodong,3,3,100.0,98.0,no,no,no,no,1200000000
cilodong,2,1,72.0,72.0,yes,yes,no,no,660000000
tapos,3,2,67.0,70.0,no,yes,no,no,950000000
cilodong,2,2,40.0,45.0,no,yes,yes,no,474000000
bojongsari,3,2,88.0,79.0,no,no,no,no,1500000000
limo,4,4,155.0,84.0,no,no,no,no,1722000000
depok,3,2,80.0,78.0,no,no,no,no,999000000
cilodong,2,2,50.0,72.0,yes,yes,no,yes,735000000
beji,4,2,120.0,127.0,yes,yes,no,no,998000000
sawangan,3,2,73.0,72.0,no,no,no,no,780000000
cilodong,3,3,110.0,106.0,no,no,no,no,1200000000
sukmajaya,3,2,56.0,62.0,yes,yes,yes,yes,650000000
sukmajaya,3,3,80.0,90.0,no,yes,yes,yes,915000000
sawangan,2,1,36.0,56.0,yes,yes,yes,yes,324000000
cinere,3,3,80.0,70.0,yes,yes,no,yes,1100000000
limo,3,2,105.0,95.0,yes,yes,no,no,1500000000
cilodong,3,3,80.0,71.0,yes,yes,yes,yes,915000000
sukmajaya,3,2,60.0,72.0,no,yes,no,no,795000000
cilodong,3,1,45.0,82.0,no,no,no,no,690000000
cipayung,2,1,45.0,66.0,no,yes,no,no,551550000
cinere,4,3,150.0,101.0,yes,yes,yes,no,2400000000
cinere,3,2,88.0,105.0,no,no,no,no,890000000
depok,3,4,109.0,112.0,yes,yes,yes,no,1700000000
sawangan,2,2,50.0,71.0,yes,yes,no,no,655000000
cimanggis,2,2,48.0,42.0,yes,yes,no,no,400000000
pancoran mas,3,2,60.0,72.0,no,yes,no,yes,885000000
cilodong,3,2,88.0,84.0,yes,yes,no,no,780000000
cinere,4,4,100.0,76.0,no,no,no,no,1610000000
cimanggis,2,2,150.0,87.0,no,no,no,no,1000000000
tapos,2,1,36.0,61.0,no,yes,yes,yes,300000000
cilodong,2,1,36.0,61.0,yes,yes,no,yes,610000000
cilodong,2,2,50.0,81.0,no,yes,no,yes,720000000
beji,3,3,120.0,102.0,no,yes,no,yes,1350000000
cilodong,3,3,75.0,116.0,no,no,no,no,1100000000
cipayung,2,1,45.0,72.0,no,no,no,no,460000000
sawangan,4,2,150.0,128.0,yes,yes,yes,no,2524733000
cinere,3,3,80.0,81.0,yes,yes,yes,yes,925000000
cilodong,3,3,100.0,95.0,no,no,no,no,950000000
cilodong,2,1,50.0,70.0,yes,yes,no,no,350000000
cilodong,3,3,90.0,78.0,yes,yes,yes,yes,1050000000
cimanggis,3,2,1.0,110.0,no,no,no,no,975000000
pancoran mas,3,3,80.0,50.0,no,yes,no,yes,865000000
sukmajaya,2,2,40.0,52.0,yes,yes,yes,no,495000000
tapos,2,1,50.0,84.0,no,no,no,no,750000000
beji,4,3,120.0,92.0,no,no,no,no,1600000000
cimanggis,2,2,82.0,49.0,no,no,no,no,700000000
tapos,3,2,60.0,50.0,no,no,no,no,500000000
pancoran mas,3,1,45.0,80.0,yes,no,no,no,660000000
cipayung,2,1,36.0,70.0,no,yes,yes,no,250000000
sukmajaya,3,2,54.0,65.0,no,no,no,no,770000000
cilodong,2,2,55.0,82.0,yes,yes,no,yes,705000000
cinere,3,3,120.0,90.0,no,no,no,no,1500000000
depok,3,3,85.0,75.0,no,no,no,no,1080000000
limo,3,2,80.0,84.0,yes,yes,no,no,1080000000
cipayung,2,1,36.0,65.0,yes,yes,no,yes,365000000
cinere,2,1,50.0,85.0,no,yes,no,no,600000000
cimanggis,3,3,110.0,78.0,no,no,no,no,1342000000
beji,3,2,61.0,60.0,no,no,no,no,750000000
bojongsari,2,2,60.0,68.0,no,no,no,no,697000000
bojongsari,3,2,80.0,96.0,yes,yes,no,no,1200000000
cinere,3,2,80.0,105.0,yes,yes,no,no,1400000000
cilodong,3,2,40.0,75.0,no,no,no,no,650000000
tapos,3,2,74.0,64.0,no,no,no,no,899000000
cimanggis,2,1,55.0,120.0,no,no,no,no,750000000
beji,3,3,110.0,72.0,no,yes,no,yes,1350000000
tapos,2,1,40.0,80.0,yes,yes,no,yes,650000000
cinere,3,2,72.0,96.0,yes,yes,yes,no,1014000000
cilodong,2,1,42.0,72.0,yes,yes,no,no,514000000
depok,3,3,90.0,108.0,no,no,no,no,1250000000
cilodong,2,1,36.0,68.0,yes,yes,no,no,466000000
pancoran mas,2,1,40.0,85.0,no,yes,no,no,908000000
sawangan,2,1,30.0,50.0,yes,yes,no,no,299000000
bojongsari,2,1,55.0,60.0,no,no,no,no,420000000
cimanggis,4,3,140.0,108.0,no,no,no,no,1300000000
tapos,3,3,60.0,75.0,yes,yes,yes,no,860000000
pancoran mas,3,2,60.0,72.0,no,no,no,no,690000000
cimanggis,3,2,115.0,85.0,yes,yes,yes,no,1455000000
pancoran mas,2,1,30.0,35.0,no,yes,no,yes,150000000
beji,3,2,68.0,72.0,yes,yes,no,no,850000000
sukmajaya,3,2,84.0,80.0,no,no,no,no,953000000
cilodong,3,2,56.0,60.0,yes,no,no,no,796000000
pancoran mas,3,3,130.0,94.0,no,yes,no,yes,1495000000
cilodong,2,1,50.0,78.0,yes,yes,no,no,750000000
cimanggis,3,2,65.0,70.0,yes,yes,no,no,500000000
pancoran mas,2,1,45.0,72.0,yes,yes,no,yes,450000000
sawangan,3,2,63.0,74.0,yes,yes,yes,yes,754215000
tapos,3,2,80.0,50.0,no,no,no,no,735000000
sawangan,2,1,50.0,75.0,no,yes,no,no,325000000
beji,4,4,130.0,77.0,no,no,no,no,1525000000
cimanggis,3,2,56.0,63.0,yes,yes,no,yes,775000000
sawangan,2,1,28.0,28.0,no,no,no,no,135000000
sawangan,3,3,78.0,101.0,yes,yes,yes,yes,900000000
sawangan,2,2,45.0,84.0,no,no,no,no,595000000
cilodong,3,2,56.0,60.0,no,no,no,no,726000000
